Workbook

Sheet PL
A1: Date | B1: Day | C1: NF DTE | D1: SX DTE | E1: NF NRE_CC_1 | F1: NF NRE_CC_2 | G1: NF NRE_CC_3 | H1: NF SRE_PREMIUM_SHIFT_1 | I1: NF SRE_PREMIUM_SHIFT_2 | J1: NF SRE_PREMIUM_SHIFT_3 | K1: NF SRE_PREMIUM_SHIFT_4 | L1: NF SRE_PREMIUM_SHIFT_5 | M1: NF SRE_PREMIUM_SHIFT_6 | N1: NF SRE_PREMIUM_SHIFT_7 | O1: NF SRE_PREMIUM_SHIFT_8 | P1: NF SRE_PREMIUM_SHIFT_9 | Q1: NF SRE_PREMIUM_SHIFT_10 | R1: NF SRE_PREMIUM_SHIFT_11 | S1: NF SRE_PREMIUM_SHIFT_12 | T1: NF SRE_PREMIUM_SHIFT_13 | U1: NF SRE_PREMIUM_SHIFT_14 | V1: NF SRE_PREMIUM_SHIFT_15 | W1: NF SRE_PREMIUM_SHIFT_16 | X1: NF SRE_PREMIUM_SHIFT_17 | Y1: NF SRE_PREMIUM_SHIFT_18 | Z1: NF SRE_PREMIUM_SHIFT_19 | AA1: NF SRE_PREMIUM_SHIFT_20 | AB1: NF SRE_PREMIUM_SHIFT_21 | AC1: NF SRE_PREMIUM_SHIFT_22 | AD1: NF SRE_PREMIUM_SHIFT_23 | AE1: NF SRE_PREMIUM_SHIFT_24 | AF1: NF SRE_PREMIUM_SHIFT_25 | AG1: NF SRE_PREMIUM_SHIFT_26 | AH1: NF SRE_PREMIUM_SHIFT_27 | AI1: NF SRE_PREMIUM_SHIFT_28 | AJ1: NF SRE_PREMIUM_SHIFT_29 | AK1: NF SRE_PREMIUM_SHIFT_30 | AL1: NF SRE_SEPARATE_LEG_SL_1 | AM1: NF SRE_SEPARATE_LEG_SL_2 | AN1: NF SRE_SEPARATE_LEG_SL_3 | AO1: SX NRE_CC_1 | AP1: SX NRE_CC_2 | AQ1: SX NRE_CC_3 | AR1: SX SRE_PREMIUM_SHIFT_1 | AS1: SX SRE_PREMIUM_SHIFT_2 | AT1: SX SRE_PREMIUM_SHIFT_3 | AU1: SX SRE_PREMIUM_SHIFT_4 | AV1: SX SRE_PREMIUM_SHIFT_5 | AW1: SX SRE_PREMIUM_SHIFT_6 | AX1: SX SRE_PREMIUM_SHIFT_7 | AY1: SX SRE_PREMIUM_SHIFT_8 | AZ1: SX SRE_PREMIUM_SHIFT_9 | BA1: SX SRE_PREMIUM_SHIFT_10 | BB1: SX SRE_PREMIUM_SHIFT_11 | BC1: SX SRE_PREMIUM_SHIFT_12 | BD1: SX SRE_PREMIUM_SHIFT_13 | BE1: SX SRE_PREMIUM_SHIFT_14 | BF1: SX SRE_PREMIUM_SHIFT_15 | BG1: SX SRE_PREMIUM_SHIFT_16 | BH1: SX SRE_PREMIUM_SHIFT_17 | BI1: SX SRE_PREMIUM_SHIFT_18 | BJ1: SX SRE_PREMIUM_SHIFT_19 | BK1: SX SRE_PREMIUM_SHIFT_20 | BL1: SX SRE_PREMIUM_SHIFT_21 | BM1: SX SRE_PREMIUM_SHIFT_22 | BN1: SX SRE_PREMIUM_SHIFT_23 | BO1: SX SRE_PREMIUM_SHIFT_24 | BP1: SX SRE_PREMIUM_SHIFT_25 | BQ1: SX SRE_PREMIUM_SHIFT_26 | BR1: SX SRE_PREMIUM_SHIFT_27 | BS1: SX SRE_PREMIUM_SHIFT_28 | BT1: SX SRE_PREMIUM_SHIFT_29 | BU1: SX SRE_PREMIUM_SHIFT_30 | BV1: SX SRE_SEPARATE_LEG_SL_1 | BW1: SX SRE_SEPARATE_LEG_SL_2 | BX1: SX SRE_SEPARATE_LEG_SL_3
A2: 45292 | B2: Monday | C2: 4 | D2: 5 | E2: 0 | F2: 0 | G2: 0 | H2: 0 | I2: 0 | J2: 0 | K2: 0 | L2: 0 | M2: 0 | N2: 0 | O2: 0 | P2: 0 | Q2: 0 | R2: 0 | S2: 0 | T2: 0 | U2: 0 | V2: 0 | W2: 0 | X2: 0 | Y2: 0 | Z2: 0 | AA2: 0 | AB2: 0 | AC2: 0 | AD2: 0 | AE2: 0 | AF2: 0 | AG2: 0 | AH2: 0 | AI2: 0 | AJ2: 0 | AK2: 0 | AL2: 0 | AM2: 0 | AN2: 0 | AO2: 0 | AP2: 0 | AQ2: 0 | AR2: 0 | AS2: 0 | AT2: 0 | AU2: 0 | AV2: 0 | AW2: 0 | AX2: 0 | AY2: 0 | AZ2: 0 | BA2: 0 | BB2: 0 | BC2: 0 | BD2: 0 | BE2: 0 | BF2: 0 | BG2: 0 | BH2: 0 | BI2: 0 | BJ2: 0 | BK2: 0 | BL2: 0 | BM2: 0 | BN2: 0 | BO2: 0 | BP2: 0 | BQ2: 0 | BR2: 0 | BS2: 0 | BT2: 0 | BU2: 0 | BV2: 0 | BW2: 0 | BX2: 0
A3: 45293 | B3: Tuesday | C3: 3 | D3: 4 | E3: 27719.818 | F3: 7586.2108 | G3: 179.48891 | H3: 0 | I3: 0 | J3: 0 | K3: 0 | L3: 0 | M3: 0 | N3: 0 | O3: 0 | P3: 0 | Q3: 0 | R3: 0 | S3: 0 | T3: 0 | U3: 0 | V3: 0 | W3: 0 | X3: 0 | Y3: 0 | Z3: 0 | AA3: 0 | AB3: 0 | AC3: 0 | AD3: 0 | AE3: 0 | AF3: 0 | AG3: 0 | AH3: 0 | AI3: 0 | AJ3: 0 | AK3: 0 | AL3: -206082.96 | AM3: -203332.48 | AN3: -198809.3 | AO3: 0 | AP3: 0 | AQ3: 0 | AR3: 0 | AS3: 0 | AT3: 0 | AU3: 0 | AV3: 0 | AW3: 0 | AX3: 0 | AY3: 0 | AZ3: 0 | BA3: 0 | BB3: 0 | BC3: 0 | BD3: 0 | BE3: 0 | BF3: 0 | BG3: 0 | BH3: 0 | BI3: 0 | BJ3: 0 | BK3: 0 | BL3: 0 | BM3: 0 | BN3: 0 | BO3: 0 | BP3: 0 | BQ3: 0 | BR3: 0 | BS3: 0 | BT3: 0 | BU3: 0 | BV3: 0 | BW3: 0 | BX3: 0
A4: 45294 | B4: Wednesday | C4: 2 | D4: 3 | E4: 18699.793 | F4: 38528.63 | G4: 40947.607 | H4: 0 | I4: 0 | J4: 0 | K4: 0 | L4: 0 | M4: 0 | N4: 0 | O4: 0 | P4: 0 | Q4: 0 | R4: 0 | S4: 0 | T4: 0 | U4: 0 | V4: 0 | W4: 0 | X4: 0 | Y4: 0 | Z4: 0 | AA4: 0 | AB4: 0 | AC4: 0 | AD4: 0 | AE4: 0 | AF4: 0 | AG4: 0 | AH4: 0 | AI4: 0 | AJ4: 0 | AK4: 0 | AL4: 98259.448 | AM4: 93634.836 | AN4: 83157.201 | AO4: 0 | AP4: 0 | AQ4: 0 | AR4: 0 | AS4: 0 | AT4: 0 | AU4: 0 | AV4: 0 | AW4: 0 | AX4: 0 | AY4: 0 | AZ4: 0 | BA4: 0 | BB4: 0 | BC4: 0 | BD4: 0 | BE4: 0 | BF4: 0 | BG4: 0 | BH4: 0 | BI4: 0 | BJ4: 0 | BK4: 0 | BL4: 0 | BM4: 0 | BN4: 0 | BO4: 0 | BP4: 0 | BQ4: 0 | BR4: 0 | BS4: 0 | BT4: 0 | BU4: 0 | BV4: 0 | BW4: 0 | BX4: 0
A5: 45295 | B5: Thursday | C5: 1 | D5: 2 | E5: 148233.98 | F5: 152181.42 | G5: 154697.02 | H5: 10096.894 | I5: 19066.377 | J5: 18015.938 | K5: 16888.527 | L5: 16218.419 | M5: 15367.201 | N5: 16082.586 | O5: 15009.508 | P5: 14606.538 | Q5: 13959.069 | R5: 10096.894 | S5: 19066.377 | T5: 18015.938 | U5: 16888.527 | V5: 16218.419 | W5: 15367.201 | X5: 16082.586 | Y5: 15009.508 | Z5: 14606.538 | AA5: 13959.069 | AB5: 15892.421 | AC5: 9635.0629 | AD5: 8806.4837 | AE5: 8177.1258 | AF5: 7842.0719 | AG5: 7507.018 | AH5: 7842.0719 | AI5: 15009.508 | AJ5: 14606.538 | AK5: 13959.069 | AL5: 0 | AM5: 0 | AN5: 0 | AO5: 99722.7 | AP5: 85132.787 | AQ5: 91321.54 | AR5: 0 | AS5: 0 | AT5: 0 | AU5: 0 | AV5: 0 | AW5: 0 | AX5: 0 | AY5: 0 | AZ5: 0 | BA5: 0 | BB5: 0 | BC5: 0 | BD5: 0 | BE5: 0 | BF5: 0 | BG5: 0 | BH5: 0 | BI5: 0 | BJ5: 0 | BK5: 0 | BL5: 0 | BM5: 0 | BN5: 0 | BO5: 0 | BP5: 0 | BQ5: 0 | BR5: 0 | BS5: 0 | BT5: 0 | BU5: 0 | BV5: 99287.371 | BW5: 96130.935 | BX5: 72110.526
A6: 45296 | B6: Friday | C6: 5 | D6: 1 | E6: 0 | F6: 0 | G6: 0 | H6: 0 | I6: 0 | J6: 0 | K6: 0 | L6: 0 | M6: 0 | N6: 0 | O6: 0 | P6: 0 | Q6: 0 | R6: 0 | S6: 0 | T6: 0 | U6: 0 | V6: 0 | W6: 0 | X6: 0 | Y6: 0 | Z6: 0 | AA6: 0 | AB6: 0 | AC6: 0 | AD6: 0 | AE6: 0 | AF6: 0 | AG6: 0 | AH6: 0 | AI6: 0 | AJ6: 0 | AK6: 0 | AL6: 0 | AM6: 0 | AN6: 0 | AO6: 94223.067 | AP6: 71910.051 | AQ6: 64767.473 | AR6: 23030.179 | AS6: 22520.392 | AT6: 22024.198 | AU6: 22735.182 | AV6: 23051.93 | AW6: 23251.767 | AX6: 23582.11 | AY6: 23461.12 | AZ6: 23527.732 | BA6: 19042.958 | BB6: 23030.179 | BC6: 22520.392 | BD6: 22024.198 | BE6: 22735.182 | BF6: 23051.93 | BG6: 23251.767 | BH6: 23582.11 | BI6: 23461.12 | BJ6: 23527.732 | BK6: 19042.958 | BL6: 17533.986 | BM6: 16929.038 | BN6: 16620.446 | BO6: 17084.013 | BP6: 17184.611 | BQ6: 17345.024 | BR6: 17553.018 | BS6: 17607.395 | BT6: 17553.018 | BU6: 17761.011 | BV6: 0 | BW6: 0 | BX6: 0
A7: 45299 | B7: Monday | C7: 4 | D7: 5 | E7: 0 | F7: 0 | G7: 0 | H7: 0 | I7: 0 | J7: 0 | K7: 0 | L7: 0 | M7: 0 | N7: 0 | O7: 0 | P7: 0 | Q7: 0 | R7: 0 | S7: 0 | T7: 0 | U7: 0 | V7: 0 | W7: 0 | X7: 0 | Y7: 0 | Z7: 0 | AA7: 0 | AB7: 0 | AC7: 0 | AD7: 0 | AE7: 0 | AF7: 0 | AG7: 0 | AH7: 0 | AI7: 0 | AJ7: 0 | AK7: 0 | AL7: 0 | AM7: 0 | AN7: 0 | AO7: 0 | AP7: 0 | AQ7: 0 | AR7: 0 | AS7: 0 | AT7: 0 | AU7: 0 | AV7: 0 | AW7: 0 | AX7: 0 | AY7: 0 | AZ7: 0 | BA7: 0 | BB7: 0 | BC7: 0 | BD7: 0 | BE7: 0 | BF7: 0 | BG7: 0 | BH7: 0 | BI7: 0 | BJ7: 0 | BK7: 0 | BL7: 0 | BM7: 0 | BN7: 0 | BO7: 0 | BP7: 0 | BQ7: 0 | BR7: 0 | BS7: 0 | BT7: 0 | BU7: 0 | BV7: 0 | BW7: 0 | BX7: 0
A8: 45300 | B8: Tuesday | C8: 3 | D8: 4 | E8: -22301.663 | F8: -46647.691 | G8: -76683.496 | H8: 0 | I8: 0 | J8: 0 | K8: 0 | L8: 0 | M8: 0 | N8: 0 | O8: 0 | P8: 0 | Q8: 0 | R8: 0 | S8: 0 | T8: 0 | U8: 0 | V8: 0 | W8: 0 | X8: 0 | Y8: 0 | Z8: 0 | AA8: 0 | AB8: 0 | AC8: 0 | AD8: 0 | AE8: 0 | AF8: 0 | AG8: 0 | AH8: 0 | AI8: 0 | AJ8: 0 | AK8: 0 | AL8: -119232.85 | AM8: -66016.084 | AN8: -57852.173 | AO8: 0 | AP8: 0 | AQ8: 0 | AR8: 0 | AS8: 0 | AT8: 0 | AU8: 0 | AV8: 0 | AW8: 0 | AX8: 0 | AY8: 0 | AZ8: 0 | BA8: 0 | BB8: 0 | BC8: 0 | BD8: 0 | BE8: 0 | BF8: 0 | BG8: 0 | BH8: 0 | BI8: 0 | BJ8: 0 | BK8: 0 | BL8: 0 | BM8: 0 | BN8: 0 | BO8: 0 | BP8: 0 | BQ8: 0 | BR8: 0 | BS8: 0 | BT8: 0 | BU8: 0 | BV8: 0 | BW8: 0 | BX8: 0
A9: 45301 | B9: Wednesday | C9: 2 | D9: 3 | E9: -98317.301 | F9: -130952.58 | G9: -106881.19 | H9: 0 | I9: 0 | J9: 0 | K9: 0 | L9: 0 | M9: 0 | N9: 0 | O9: 0 | P9: 0 | Q9: 0 | R9: 0 | S9: 0 | T9: 0 | U9: 0 | V9: 0 | W9: 0 | X9: 0 | Y9: 0 | Z9: 0 | AA9: 0 | AB9: 0 | AC9: 0 | AD9: 0 | AE9: 0 | AF9: 0 | AG9: 0 | AH9: 0 | AI9: 0 | AJ9: 0 | AK9: 0 | AL9: -92161.777 | AM9: -41438.521 | AN9: -4789.9244 | AO9: 0 | AP9: 0 | AQ9: 0 | AR9: 0 | AS9: 0 | AT9: 0 | AU9: 0 | AV9: 0 | AW9: 0 | AX9: 0 | AY9: 0 | AZ9: 0 | BA9: 0 | BB9: 0 | BC9: 0 | BD9: 0 | BE9: 0 | BF9: 0 | BG9: 0 | BH9: 0 | BI9: 0 | BJ9: 0 | BK9: 0 | BL9: 0 | BM9: 0 | BN9: 0 | BO9: 0 | BP9: 0 | BQ9: 0 | BR9: 0 | BS9: 0 | BT9: 0 | BU9: 0 | BV9: 0 | BW9: 0 | BX9: 0
A10: 45302 | B10: Thursday | C10: 1 | D10: 2 | E10: 83634.654 | F10: 28126.971 | G10: 30469.947 | H10: 9146.6162 | I10: 9705.3258 | J10: 10128.864 | K10: 9124.0876 | L10: 19032.171 | M10: 18896.999 | N10: 19122.285 | O10: 6790.1235 | P10: 6587.366 | Q10: 9502.5683 | R10: 9146.6162 | S10: 9705.3258 | T10: 10128.864 | U10: 9124.0876 | V10: 19032.171 | W10: 18896.999 | X10: 19122.285 | Y10: 6790.1235 | Z10: 6587.366 | AA10: 9502.5683 | AB10: -1459.854 | AC10: -1464.3597 | AD10: -1468.8655 | AE10: -1459.854 | AF10: -1459.854 | AG10: -1459.854 | AH10: -1464.3597 | AI10: 6790.1235 | AJ10: 6587.366 | AK10: -1473.3712 | AL10: 0 | AM10: 0 | AN10: 0 | AO10: 29148.628 | AP10: 27072.546 | AQ10: 3451.9008 | AR10: 0 | AS10: 0 | AT10: 0 | AU10: 0 | AV10: 0 | AW10: 0 | AX10: 0 | AY10: 0 | AZ10: 0 | BA10: 0 | BB10: 0 | BC10: 0 | BD10: 0 | BE10: 0 | BF10: 0 | BG10: 0 | BH10: 0 | BI10: 0 | BJ10: 0 | BK10: 0 | BL10: 0 | BM10: 0 | BN10: 0 | BO10: 0 | BP10: 0 | BQ10: 0 | BR10: 0 | BS10: 0 | BT10: 0 | BU10: 0 | BV10: -23838.148 | BW10: 85658.674 | BX10: 63765.58
A11: 45303 | B11: Friday | C11: 5 | D11: 1 | E11: 0 | F11: 0 | G11: 0 | H11: 0 | I11: 0 | J11: 0 | K11: 0 | L11: 0 | M11: 0 | N11: 0 | O11: 0 | P11: 0 | Q11: 0 | R11: 0 | S11: 0 | T11: 0 | U11: 0 | V11: 0 | W11: 0 | X11: 0 | Y11: 0 | Z11: 0 | AA11: 0 | AB11: 0 | AC11: 0 | AD11: 0 | AE11: 0 | AF11: 0 | AG11: 0 | AH11: 0 | AI11: 0 | AJ11: 0 | AK11: 0 | AL11: 0 | AM11: 0 | AN11: 0 | AO11: 157755.87 | AP11: 134220.84 | AQ11: 108321.17 | AR11: -17939.191 | AS11: -17931.025 | AT11: -14982.018 | AU11: -15466.02 | AV11: -14982.869 | AW11: -14975.128 | AX11: -12203.985 | AY11: -15433.441 | AZ11: -15284.498 | BA11: -15514.079 | BB11: -17939.191 | BC11: -17931.025 | BD11: -14982.018 | BE11: -15466.02 | BF11: -14982.869 | BG11: -14975.128 | BH11: -12203.985 | BI11: -15433.441 | BJ11: -15284.498 | BK11: -15514.079 | BL11: -15319.288 | BM11: -16265.175 | BN11: -16235.233 | BO11: -16263.814 | BP11: -16236.594 | BQ11: -16236.594 | BR11: -16261.092 | BS11: -16263.814 | BT11: -18629.212 | BU11: -16266.536 | BV11: 0 | BW11: 0 | BX11: 0
A12: 45306 | B12: Monday | C12: 4 | D12: 5 | E12: 0 | F12: 0 | G12: 0 | H12: 0 | I12: 0 | J12: 0 | K12: 0 | L12: 0 | M12: 0 | N12: 0 | O12: 0 | P12: 0 | Q12: 0 | R12: 0 | S12: 0 | T12: 0 | U12: 0 | V12: 0 | W12: 0 | X12: 0 | Y12: 0 | Z12: 0 | AA12: 0 | AB12: 0 | AC12: 0 | AD12: 0 | AE12: 0 | AF12: 0 | AG12: 0 | AH12: 0 | AI12: 0 | AJ12: 0 | AK12: 0 | AL12: 0 | AM12: 0 | AN12: 0 | AO12: 0 | AP12: 0 | AQ12: 0 | AR12: 0 | AS12: 0 | AT12: 0 | AU12: 0 | AV12: 0 | AW12: 0 | AX12: 0 | AY12: 0 | AZ12: 0 | BA12: 0 | BB12: 0 | BC12: 0 | BD12: 0 | BE12: 0 | BF12: 0 | BG12: 0 | BH12: 0 | BI12: 0 | BJ12: 0 | BK12: 0 | BL12: 0 | BM12: 0 | BN12: 0 | BO12: 0 | BP12: 0 | BQ12: 0 | BR12: 0 | BS12: 0 | BT12: 0 | BU12: 0 | BV12: 0 | BW12: 0 | BX12: 0
A13: 45307 | B13: Tuesday | C13: 3 | D13: 4 | E13: -71815.109 | F13: -57245.617 | G13: -43614.122 | H13: 0 | I13: 0 | J13: 0 | K13: 0 | L13: 0 | M13: 0 | N13: 0 | O13: 0 | P13: 0 | Q13: 0 | R13: 0 | S13: 0 | T13: 0 | U13: 0 | V13: 0 | W13: 0 | X13: 0 | Y13: 0 | Z13: 0 | AA13: 0 | AB13: 0 | AC13: 0 | AD13: 0 | AE13: 0 | AF13: 0 | AG13: 0 | AH13: 0 | AI13: 0 | AJ13: 0 | AK13: 0 | AL13: 132098.93 | AM13: 119475.16 | AN13: 87638.204 | AO13: 0 | AP13: 0 | AQ13: 0 | AR13: 0 | AS13: 0 | AT13: 0 | AU13: 0 | AV13: 0 | AW13: 0 | AX13: 0 | AY13: 0 | AZ13: 0 | BA13: 0 | BB13: 0 | BC13: 0 | BD13: 0 | BE13: 0 | BF13: 0 | BG13: 0 | BH13: 0 | BI13: 0 | BJ13: 0 | BK13: 0 | BL13: 0 | BM13: 0 | BN13: 0 | BO13: 0 | BP13: 0 | BQ13: 0 | BR13: 0 | BS13: 0 | BT13: 0 | BU13: 0 | BV13: 0 | BW13: 0 | BX13: 0
... A511: 46045 | B511: Friday | C511: 2 | D511: 4 | E511: 19567.936 | F511: 22783.789 | G511: 2421.5472 | H511: 0 | I511: 0 | J511: 0 | K511: 0 | L511: 0 | M511: 0 | N511: 0 | O511: 0 | P511: 0 | Q511: 0 | R511: 0 | S511: 0 | T511: 0 | U511: 0 | V511: 0 | W511: 0 | X511: 0 | Y511: 0 | Z511: 0 | AA511: 0 | AB511: 0 | AC511: 0 | AD511: 0 | AE511: 0 | AF511: 0 | AG511: 0 | AH511: 0 | AI511: 0 | AJ511: 0 | AK511: 0 | AL511: -121543.63 | AM511: -198931.32 | AN511: -164595.16 | AO511: 0 | AP511: 0 | AQ511: 0 | AR511: 0 | AS511: 0 | AT511: 0 | AU511: 0 | AV511: 0 | AW511: 0 | AX511: 0 | AY511: 0 | AZ511: 0 | BA511: 0 | BB511: 0 | BC511: 0 | BD511: 0 | BE511: 0 | BF511: 0 | BG511: 0 | BH511: 0 | BI511: 0 | BJ511: 0 | BK511: 0 | BL511: 0 | BM511: 0 | BN511: 0 | BO511: 0 | BP511: 0 | BQ511: 0 | BR511: 0 | BS511: 0 | BT511: 0 | BU511: 0 | BV511: 0 | BW511: 0 | BX511: 0

Sheet Exit Times
A1: Date | B1: NIFTY | C1: NF NRE_CC_1 | D1: NF NRE_CC_2 | E1: NF NRE_CC_3 | F1: NF SRE_PREMIUM_SHIFT_1 | G1: NF SRE_PREMIUM_SHIFT_2 | H1: NF SRE_PREMIUM_SHIFT_3 | I1: NF SRE_PREMIUM_SHIFT_4 | J1: NF SRE_PREMIUM_SHIFT_5 | K1: NF SRE_PREMIUM_SHIFT_6 | L1: NF SRE_PREMIUM_SHIFT_7 | M1: NF SRE_PREMIUM_SHIFT_8 | N1: NF SRE_PREMIUM_SHIFT_9 | O1: NF SRE_PREMIUM_SHIFT_10 | P1: NF SRE_PREMIUM_SHIFT_11 | Q1: NF SRE_PREMIUM_SHIFT_12 | R1: NF SRE_PREMIUM_SHIFT_13 | S1: NF SRE_PREMIUM_SHIFT_14 | T1: NF SRE_PREMIUM_SHIFT_15 | U1: NF SRE_PREMIUM_SHIFT_16 | V1: NF SRE_PREMIUM_SHIFT_17 | W1: NF SRE_PREMIUM_SHIFT_18 | X1: NF SRE_PREMIUM_SHIFT_19 | Y1: NF SRE_PREMIUM_SHIFT_20 | Z1: NF SRE_PREMIUM_SHIFT_21 | AA1: NF SRE_PREMIUM_SHIFT_22 | AB1: NF SRE_PREMIUM_SHIFT_23 | AC1: NF SRE_PREMIUM_SHIFT_24 | AD1: NF SRE_PREMIUM_SHIFT_25 | AE1: NF SRE_PREMIUM_SHIFT_26 | AF1: NF SRE_PREMIUM_SHIFT_27 | AG1: NF SRE_PREMIUM_SHIFT_28 | AH1: NF SRE_PREMIUM_SHIFT_29 | AI1: NF SRE_PREMIUM_SHIFT_30 | AJ1: NF SRE_SEPARATE_LEG_SL_1 | AK1: NF SRE_SEPARATE_LEG_SL_2 | AL1: NF SRE_SEPARATE_LEG_SL_3 | AM1: SENSEX | AN1: SX NRE_CC_1 | AO1: SX NRE_CC_2 | AP1: SX NRE_CC_3 | AQ1: SX SRE_PREMIUM_SHIFT_1 | AR1: SX SRE_PREMIUM_SHIFT_2 | AS1: SX SRE_PREMIUM_SHIFT_3 | AT1: SX SRE_PREMIUM_SHIFT_4 | AU1: SX SRE_PREMIUM_SHIFT_5 | AV1: SX SRE_PREMIUM_SHIFT_6 | AW1: SX SRE_PREMIUM_SHIFT_7 | AX1: SX SRE_PREMIUM_SHIFT_8 | AY1: SX SRE_PREMIUM_SHIFT_9 | AZ1: SX SRE_PREMIUM_SHIFT_10 | BA1: SX SRE_PREMIUM_SHIFT_11 | BB1: SX SRE_PREMIUM_SHIFT_12 | BC1: SX SRE_PREMIUM_SHIFT_13 | BD1: SX SRE_PREMIUM_SHIFT_14 | BE1: SX SRE_PREMIUM_SHIFT_15 | BF1: SX SRE_PREMIUM_SHIFT_16 | BG1: SX SRE_PREMIUM_SHIFT_17 | BH1: SX SRE_PREMIUM_SHIFT_18 | BI1: SX SRE_PREMIUM_SHIFT_19 | BJ1: SX SRE_PREMIUM_SHIFT_20 | BK1: SX SRE_PREMIUM_SHIFT_21 | BL1: SX SRE_PREMIUM_SHIFT_22 | BM1: SX SRE_PREMIUM_SHIFT_23 | BN1: SX SRE_PREMIUM_SHIFT_24 | BO1: SX SRE_PREMIUM_SHIFT_25 | BP1: SX SRE_PREMIUM_SHIFT_26 | BQ1: SX SRE_PREMIUM_SHIFT_27 | BR1: SX SRE_PREMIUM_SHIFT_28 | BS1: SX SRE_PREMIUM_SHIFT_29 | BT1: SX SRE_PREMIUM_SHIFT_30 | BU1: SX SRE_SEPARATE_LEG_SL_1 | BV1: SX SRE_SEPARATE_LEG_SL_2 | BW1: SX SRE_SEPARATE_LEG_SL_3
A2: 45292 | B2: 15:29:00 | C2: 0 | D2: 0 | E2: 0 | F2: 0 | G2: 0 | H2: 0 | I2: 0 | J2: 0 | K2: 0 | L2: 0 | M2: 0 | N2: 0 | O2: 0 | P2: 0 | Q2: 0 | R2: 0 | S2: 0 | T2: 0 | U2: 0 | V2: 0 | W2: 0 | X2: 0 | Y2: 0 | Z2: 0 | AA2: 0 | AB2: 0 | AC2: 0 | AD2: 0 | AE2: 0 | AF2: 0 | AG2: 0 | AH2: 0 | AI2: 0 | AJ2: 0 | AK2: 0 | AL2: 0 | AM2: 15:29:00 | AN2: 0 | AO2: 0 | AP2: 0 | AQ2: 0 | AR2: 0 | AS2: 0 | AT2: 0 | AU2: 0 | AV2: 0 | AW2: 0 | AX2: 0 | AY2: 0 | AZ2: 0 | BA2: 0 | BB2: 0 | BC2: 0 | BD2: 0 | BE2: 0 | BF2: 0 | BG2: 0 | BH2: 0 | BI2: 0 | BJ2: 0 | BK2: 0 | BL2: 0 | BM2: 0 | BN2: 0 | BO2: 0 | BP2: 0 | BQ2: 0 | BR2: 0 | BS2: 0 | BT2: 0 | BU2: 0 | BV2: 0 | BW2: 0
A3: 45293 | B3: 15:29:00 | C3: 15:29:00 | D3: 15:29:00 | E3: 15:29:00 | F3: 0 | G3: 0 | H3: 0 | I3: 0 | J3: 0 | K3: 0 | L3: 0 | M3: 0 | N3: 0 | O3: 0 | P3: 0 | Q3: 0 | R3: 0 | S3: 0 | T3: 0 | U3: 0 | V3: 0 | W3: 0 | X3: 0 | Y3: 0 | Z3: 0 | AA3: 0 | AB3: 0 | AC3: 0 | AD3: 0 | AE3: 0 | AF3: 0 | AG3: 0 | AH3: 0 | AI3: 0 | AJ3: 10:36:00 | AK3: 10:36:00 | AL3: 10:38:00 | AM3: 15:29:00 | AN3: 0 | AO3: 0 | AP3: 0 | AQ3: 0 | AR3: 0 | AS3: 0 | AT3: 0 | AU3: 0 | AV3: 0 | AW3: 0 | AX3: 0 | AY3: 0 | AZ3: 0 | BA3: 0 | BB3: 0 | BC3: 0 | BD3: 0 | BE3: 0 | BF3: 0 | BG3: 0 | BH3: 0 | BI3: 0 | BJ3: 0 | BK3: 0 | BL3: 0 | BM3: 0 | BN3: 0 | BO3: 0 | BP3: 0 | BQ3: 0 | BR3: 0 | BS3: 0 | BT3: 0 | BU3: 0 | BV3: 0 | BW3: 0
A4: 45294 | B4: 15:29:00 | C4: 15:29:00 | D4: 15:29:00 | E4: 15:29:00 | F4: 0 | G4: 0 | H4: 0 | I4: 0 | J4: 0 | K4: 0 | L4: 0 | M4: 0 | N4: 0 | O4: 0 | P4: 0 | Q4: 0 | R4: 0 | S4: 0 | T4: 0 | U4: 0 | V4: 0 | W4: 0 | X4: 0 | Y4: 0 | Z4: 0 | AA4: 0 | AB4: 0 | AC4: 0 | AD4: 0 | AE4: 0 | AF4: 0 | AG4: 0 | AH4: 0 | AI4: 0 | AJ4: 15:29:00 | AK4: 15:29:00 | AL4: 15:29:00 | AM4: 15:29:00 | AN4: 0 | AO4: 0 | AP4: 0 | AQ4: 0 | AR4: 0 | AS4: 0 | AT4: 0 | AU4: 0 | AV4: 0 | AW4: 0 | AX4: 0 | AY4: 0 | AZ4: 0 | BA4: 0 | BB4: 0 | BC4: 0 | BD4: 0 | BE4: 0 | BF4: 0 | BG4: 0 | BH4: 0 | BI4: 0 | BJ4: 0 | BK4: 0 | BL4: 0 | BM4: 0 | BN4: 0 | BO4: 0 | BP4: 0 | BQ4: 0 | BR4: 0 | BS4: 0 | BT4: 0 | BU4: 0 | BV4: 0 | BW4: 0
A5: 45295 | B5: 15:29:00 | C5: 15:29:00 | D5: 15:29:00 | E5: 15:29:00 | F5: 15:29:00 | G5: 15:29:00 | H5: 15:29:00 | I5: 15:29:00 | J5: 15:29:00 | K5: 15:29:00 | L5: 15:29:00 | M5: 15:29:00 | N5: 15:29:00 | O5: 15:29:00 | P5: 15:29:00 | Q5: 15:29:00 | R5: 15:29:00 | S5: 15:29:00 | T5: 15:29:00 | U5: 15:29:00 | V5: 15:29:00 | W5: 15:29:00 | X5: 15:29:00 | Y5: 15:29:00 | Z5: 15:29:00 | AA5: 15:29:00 | AB5: 15:29:00 | AC5: 15:29:00 | AD5: 15:29:00 | AE5: 15:29:00 | AF5: 15:29:00 | AG5: 15:29:00 | AH5: 15:29:00 | AI5: 15:29:00 | AJ5: 0 | AK5: 0 | AL5: 0 | AM5: 15:29:00 | AN5: 15:29:00 | AO5: 15:29:00 | AP5: 15:29:00 | AQ5: 0 | AR5: 0 | AS5: 0 | AT5: 0 | AU5: 0 | AV5: 0 | AW5: 0 | AX5: 0 | AY5: 0 | AZ5: 0 | BA5: 0 | BB5: 0 | BC5: 0 | BD5: 0 | BE5: 0 | BF5: 0 | BG5: 0 | BH5: 0 | BI5: 0 | BJ5: 0 | BK5: 0 | BL5: 0 | BM5: 0 | BN5: 0 | BO5: 0 | BP5: 0 | BQ5: 0 | BR5: 0 | BS5: 0 | BT5: 0 | BU5: 15:29:00 | BV5: 15:29:00 | BW5: 15:29:00
A6: 45296 | B6: 15:29:00 | C6: 0 | D6: 0 | E6: 0 | F6: 0 | G6: 0 | H6: 0 | I6: 0 | J6: 0 | K6: 0 | L6: 0 | M6: 0 | N6: 0 | O6: 0 | P6: 0 | Q6: 0 | R6: 0 | S6: 0 | T6: 0 | U6: 0 | V6: 0 | W6: 0 | X6: 0 | Y6: 0 | Z6: 0 | AA6: 0 | AB6: 0 | AC6: 0 | AD6: 0 | AE6: 0 | AF6: 0 | AG6: 0 | AH6: 0 | AI6: 0 | AJ6: 0 | AK6: 0 | AL6: 0 | AM6: 15:29:00 | AN6: 15:29:00 | AO6: 15:29:00 | AP6: 15:29:00 | AQ6: 15:29:00 | AR6: 15:29:00 | AS6: 15:29:00 | AT6: 15:29:00 | AU6: 15:29:00 | AV6: 15:29:00 | AW6: 15:29:00 | AX6: 15:29:00 | AY6: 15:29:00 | AZ6: 15:29:00 | BA6: 15:29:00 | BB6: 15:29:00 | BC6: 15:29:00 | BD6: 15:29:00 | BE6: 15:29:00 | BF6: 15:29:00 | BG6: 15:29:00 | BH6: 15:29:00 | BI6: 15:29:00 | BJ6: 15:29:00 | BK6: 15:29:00 | BL6: 15:29:00 | BM6: 15:29:00 | BN6: 15:29:00 | BO6: 15:29:00 | BP6: 15:29:00 | BQ6: 15:29:00 | BR6: 15:29:00 | BS6: 15:29:00 | BT6: 15:29:00 | BU6: 0 | BV6: 0 | BW6: 0
A7: 45299 | B7: 15:29:00 | C7: 0 | D7: 0 | E7: 0 | F7: 0 | G7: 0 | H7: 0 | I7: 0 | J7: 0 | K7: 0 | L7: 0 | M7: 0 | N7: 0 | O7: 0 | P7: 0 | Q7: 0 | R7: 0 | S7: 0 | T7: 0 | U7: 0 | V7: 0 | W7: 0 | X7: 0 | Y7: 0 | Z7: 0 | AA7: 0 | AB7: 0 | AC7: 0 | AD7: 0 | AE7: 0 | AF7: 0 | AG7: 0 | AH7: 0 | AI7: 0 | AJ7: 0 | AK7: 0 | AL7: 0 | AM7: 15:29:00 | AN7: 0 | AO7: 0 | AP7: 0 | AQ7: 0 | AR7: 0 | AS7: 0 | AT7: 0 | AU7: 0 | AV7: 0 | AW7: 0 | AX7: 0 | AY7: 0 | AZ7: 0 | BA7: 0 | BB7: 0 | BC7: 0 | BD7: 0 | BE7: 0 | BF7: 0 | BG7: 0 | BH7: 0 | BI7: 0 | BJ7: 0 | BK7: 0 | BL7: 0 | BM7: 0 | BN7: 0 | BO7: 0 | BP7: 0 | BQ7: 0 | BR7: 0 | BS7: 0 | BT7: 0 | BU7: 0 | BV7: 0 | BW7: 0
A8: 45300 | B8: 15:29:00 | C8: 15:29:00 | D8: 15:29:00 | E8: 15:29:00 | F8: 0 | G8: 0 | H8: 0 | I8: 0 | J8: 0 | K8: 0 | L8: 0 | M8: 0 | N8: 0 | O8: 0 | P8: 0 | Q8: 0 | R8: 0 | S8: 0 | T8: 0 | U8: 0 | V8: 0 | W8: 0 | X8: 0 | Y8: 0 | Z8: 0 | AA8: 0 | AB8: 0 | AC8: 0 | AD8: 0 | AE8: 0 | AF8: 0 | AG8: 0 | AH8: 0 | AI8: 0 | AJ8: 15:29:00 | AK8: 15:29:00 | AL8: 15:29:00 | AM8: 15:29:00 | AN8: 0 | AO8: 0 | AP8: 0 | AQ8: 0 | AR8: 0 | AS8: 0 | AT8: 0 | AU8: 0 | AV8: 0 | AW8: 0 | AX8: 0 | AY8: 0 | AZ8: 0 | BA8: 0 | BB8: 0 | BC8: 0 | BD8: 0 | BE8: 0 | BF8: 0 | BG8: 0 | BH8: 0 | BI8: 0 | BJ8: 0 | BK8: 0 | BL8: 0 | BM8: 0 | BN8: 0 | BO8: 0 | BP8: 0 | BQ8: 0 | BR8: 0 | BS8: 0 | BT8: 0 | BU8: 0 | BV8: 0 | BW8: 0
A9: 45301 | B9: 15:29:00 | C9: 15:29:00 | D9: 15:29:00 | E9: 15:29:00 | F9: 0 | G9: 0 | H9: 0 | I9: 0 | J9: 0 | K9: 0 | L9: 0 | M9: 0 | N9: 0 | O9: 0 | P9: 0 | Q9: 0 | R9: 0 | S9: 0 | T9: 0 | U9: 0 | V9: 0 | W9: 0 | X9: 0 | Y9: 0 | Z9: 0 | AA9: 0 | AB9: 0 | AC9: 0 | AD9: 0 | AE9: 0 | AF9: 0 | AG9: 0 | AH9: 0 | AI9: 0 | AJ9: 15:29:00 | AK9: 15:29:00 | AL9: 15:29:00 | AM9: 15:29:00 | AN9: 0 | AO9: 0 | AP9: 0 | AQ9: 0 | AR9: 0 | AS9: 0 | AT9: 0 | AU9: 0 | AV9: 0 | AW9: 0 | AX9: 0 | AY9: 0 | AZ9: 0 | BA9: 0 | BB9: 0 | BC9: 0 | BD9: 0 | BE9: 0 | BF9: 0 | BG9: 0 | BH9: 0 | BI9: 0 | BJ9: 0 | BK9: 0 | BL9: 0 | BM9: 0 | BN9: 0 | BO9: 0 | BP9: 0 | BQ9: 0 | BR9: 0 | BS9: 0 | BT9: 0 | BU9: 0 | BV9: 0 | BW9: 0
A10: 45302 | B10: 15:29:00 | C10: 15:29:00 | D10: 15:29:00 | E10: 15:29:00 | F10: 15:29:00 | G10: 15:29:00 | H10: 15:29:00 | I10: 15:29:00 | J10: 15:29:00 | K10: 15:29:00 | L10: 15:29:00 | M10: 15:29:00 | N10: 15:29:00 | O10: 15:29:00 | P10: 15:29:00 | Q10: 15:29:00 | R10: 15:29:00 | S10: 15:29:00 | T10: 15:29:00 | U10: 15:29:00 | V10: 15:29:00 | W10: 15:29:00 | X10: 15:29:00 | Y10: 15:29:00 | Z10: 15:29:00 | AA10: 15:29:00 | AB10: 15:29:00 | AC10: 15:29:00 | AD10: 15:29:00 | AE10: 15:29:00 | AF10: 15:29:00 | AG10: 15:29:00 | AH10: 15:29:00 | AI10: 15:29:00 | AJ10: 0 | AK10: 0 | AL10: 0 | AM10: 15:29:00 | AN10: 15:29:00 | AO10: 15:29:00 | AP10: 15:29:00 | AQ10: 0 | AR10: 0 | AS10: 0 | AT10: 0 | AU10: 0 | AV10: 0 | AW10: 0 | AX10: 0 | AY10: 0 | AZ10: 0 | BA10: 0 | BB10: 0 | BC10: 0 | BD10: 0 | BE10: 0 | BF10: 0 | BG10: 0 | BH10: 0 | BI10: 0 | BJ10: 0 | BK10: 0 | BL10: 0 | BM10: 0 | BN10: 0 | BO10: 0 | BP10: 0 | BQ10: 0 | BR10: 0 | BS10: 0 | BT10: 0 | BU10: 15:29:00 | BV10: 15:29:00 | BW10: 15:29:00
A11: 45303 | B11: 15:29:00 | C11: 0 | D11: 0 | E11: 0 | F11: 0 | G11: 0 | H11: 0 | I11: 0 | J11: 0 | K11: 0 | L11: 0 | M11: 0 | N11: 0 | O11: 0 | P11: 0 | Q11: 0 | R11: 0 | S11: 0 | T11: 0 | U11: 0 | V11: 0 | W11: 0 | X11: 0 | Y11: 0 | Z11: 0 | AA11: 0 | AB11: 0 | AC11: 0 | AD11: 0 | AE11: 0 | AF11: 0 | AG11: 0 | AH11: 0 | AI11: 0 | AJ11: 0 | AK11: 0 | AL11: 0 | AM11: 15:29:00 | AN11: 15:29:00 | AO11: 15:29:00 | AP11: 15:29:00 | AQ11: 10:07:00 | AR11: 10:07:00 | AS11: 10:07:00 | AT11: 10:07:00 | AU11: 10:07:00 | AV11: 10:07:00 | AW11: 15:29:00 | AX11: 10:07:00 | AY11: 10:07:00 | AZ11: 10:07:00 | BA11: 10:07:00 | BB11: 10:07:00 | BC11: 10:07:00 | BD11: 10:07:00 | BE11: 10:07:00 | BF11: 10:07:00 | BG11: 15:29:00 | BH11: 10:07:00 | BI11: 10:07:00 | BJ11: 10:07:00 | BK11: 10:07:00 | BL11: 15:29:00 | BM11: 15:29:00 | BN11: 15:29:00 | BO11: 15:29:00 | BP11: 15:29:00 | BQ11: 15:29:00 | BR11: 15:29:00 | BS11: 10:58:00 | BT11: 15:29:00 | BU11: 0 | BV11: 0 | BW11: 0
A12: 45306 | B12: 15:29:00 | C12: 0 | D12: 0 | E12: 0 | F12: 0 | G12: 0 | H12: 0 | I12: 0 | J12: 0 | K12: 0 | L12: 0 | M12: 0 | N12: 0 | O12: 0 | P12: 0 | Q12: 0 | R12: 0 | S12: 0 | T12: 0 | U12: 0 | V12: 0 | W12: 0 | X12: 0 | Y12: 0 | Z12: 0 | AA12: 0 | AB12: 0 | AC12: 0 | AD12: 0 | AE12: 0 | AF12: 0 | AG12: 0 | AH12: 0 | AI12: 0 | AJ12: 0 | AK12: 0 | AL12: 0 | AM12: 15:29:00 | AN12: 0 | AO12: 0 | AP12: 0 | AQ12: 0 | AR12: 0 | AS12: 0 | AT12: 0 | AU12: 0 | AV12: 0 | AW12: 0 | AX12: 0 | AY12: 0 | AZ12: 0 | BA12: 0 | BB12: 0 | BC12: 0 | BD12: 0 | BE12: 0 | BF12: 0 | BG12: 0 | BH12: 0 | BI12: 0 | BJ12: 0 | BK12: 0 | BL12: 0 | BM12: 0 | BN12: 0 | BO12: 0 | BP12: 0 | BQ12: 0 | BR12: 0 | BS12: 0 | BT12: 0 | BU12: 0 | BV12: 0 | BW12: 0
A13: 45307 | B13: 15:29:00 | C13: 15:29:00 | D13: 15:29:00 | E13: 15:29:00 | F13: 0 | G13: 0 | H13: 0 | I13: 0 | J13: 0 | K13: 0 | L13: 0 | M13: 0 | N13: 0 | O13: 0 | P13: 0 | Q13: 0 | R13: 0 | S13: 0 | T13: 0 | U13: 0 | V13: 0 | W13: 0 | X13: 0 | Y13: 0 | Z13: 0 | AA13: 0 | AB13: 0 | AC13: 0 | AD13: 0 | AE13: 0 | AF13: 0 | AG13: 0 | AH13: 0 | AI13: 0 | AJ13: 15:29:00 | AK13: 15:29:00 | AL13: 15:29:00 | AM13: 15:29:00 | AN13: 0 | AO13: 0 | AP13: 0 | AQ13: 0 | AR13: 0 | AS13: 0 | AT13: 0 | AU13: 0 | AV13: 0 | AW13: 0 | AX13: 0 | AY13: 0 | AZ13: 0 | BA13: 0 | BB13: 0 | BC13: 0 | BD13: 0 | BE13: 0 | BF13: 0 | BG13: 0 | BH13: 0 | BI13: 0 | BJ13: 0 | BK13: 0 | BL13: 0 | BM13: 0 | BN13: 0 | BO13: 0 | BP13: 0 | BQ13: 0 | BR13: 0 | BS13: 0 | BT13: 0 | BU13: 0 | BV13: 0 | BW13: 0
A14: 45308 | B14: 15:29:00 | C14: 15:29:00 | D14: 15:29:00 | E14: 15:29:00 | F14: 0 | G14: 0 | H14: 0 | I14: 0 | J14: 0 | K14: 0 | L14: 0 | M14: 0 | N14: 0 | O14: 0 | P14: 0 | Q14: 0 | R14: 0 | S14: 0 | T14: 0 | U14: 0 | V14: 0 | W14: 0 | X14: 0 | Y14: 0 | Z14: 0 | AA14: 0 | AB14: 0 | AC14: 0 | AD14: 0 | AE14: 0 | AF14: 0 | AG14: 0 | AH14: 0 | AI14: 0 | AJ14: 15:29:00 | AK14: 12:03:00 | AL14: 12:05:00 | AM14: 15:29:00 | AN14: 0 | AO14: 0 | AP14: 0 | AQ14: 0 | AR14: 0 | AS14: 0 | AT14: 0 | AU14: 0 | AV14: 0 | AW14: 0 | AX14: 0 | AY14: 0 | AZ14: 0 | BA14: 0 | BB14: 0 | BC14: 0 | BD14: 0 | BE14: 0 | BF14: 0 | BG14: 0 | BH14: 0 | BI14: 0 | BJ14: 0 | BK14: 0 | BL14: 0 | BM14: 0 | BN14: 0 | BO14: 0 | BP14: 0 | BQ14: 0 | BR14: 0 | BS14: 0 | BT14: 0 | BU14: 0 | BV14: 0 | BW14: 0
A15: 45309 | B15: 15:29:00 | C15: 15:29:00 | D15: 15:29:00 | E15: 15:29:00 | F15: 10:08:00 | G15: 15:29:00 | H15: 15:29:00 | I15: 15:29:00 | J15: 10:08:00 | K15: 10:08:00 | L15: 10:08:00 | M15: 15:29:00 | N15: 15:29:00 | O15: 15:29:00 | P15: 10:08:00 | Q15: 15:29:00 | R15: 15:29:00 | S15: 15:29:00 | T15: 10:08:00 | U15: 10:08:00 | V15: 10:08:00 | W15: 15:29:00 | X15: 15:29:00 | Y15: 15:29:00 | Z15: 15:29:00 | AA15: 15:29:00 | AB15: 15:29:00 | AC15: 15:29:00 | AD15: 15:29:00 | AE15: 15:29:00 | AF15: 15:29:00 | AG15: 10:09:00 | AH15: 10:09:00 | AI15: 15:29:00 | AJ15: 0 | AK15: 0 | AL15: 0 | AM15: 15:29:00 | AN15: 15:29:00 | AO15: 15:29:00 | AP15: 15:29:00 | AQ15: 0 | AR15: 0 | AS15: 0 | AT15: 0 | AU15: 0 | AV15: 0 | AW15: 0 | AX15: 0 | AY15: 0 | AZ15: 0 | BA15: 0 | BB15: 0 | BC15: 0 | BD15: 0 | BE15: 0 | BF15: 0 | BG15: 0 | BH15: 0 | BI15: 0 | BJ15: 0 | BK15: 0 | BL15: 0 | BM15: 0 | BN15: 0 | BO15: 0 | BP15: 0 | BQ15: 0 | BR15: 0 | BS15: 0 | BT15: 0 | BU15: 15:29:00 | BV15: 15:29:00 | BW15: 15:29:00
A16: 45310 | B16: 15:29:00 | C16: 0 | D16: 0 | E16: 0 | F16: 0 | G16: 0 | H16: 0 | I16: 0 | J16: 0 | K16: 0 | L16: 0 | M16: 0 | N16: 0 | O16: 0 | P16: 0 | Q16: 0 | R16: 0 | S16: 0 | T16: 0 | U16: 0 | V16: 0 | W16: 0 | X16: 0 | Y16: 0 | Z16: 0 | AA16: 0 | AB16: 0 | AC16: 0 | AD16: 0 | AE16: 0 | AF16: 0 | AG16: 0 | AH16: 0 | AI16: 0 | AJ16: 0 | AK16: 0 | AL16: 0 | AM16: 15:29:00 | AN16: 15:29:00 | AO16: 15:29:00 | AP16: 15:29:00 | AQ16: 15:29:00 | AR16: 15:29:00 | AS16: 15:29:00 | AT16: 15:29:00 | AU16: 15:29:00 | AV16: 15:29:00 | AW16: 15:29:00 | AX16: 15:29:00 | AY16: 15:29:00 | AZ16: 15:29:00 | BA16: 15:29:00 | BB16: 15:29:00 | BC16: 15:29:00 | BD16: 15:29:00 | BE16: 15:29:00 | BF16: 15:29:00 | BG16: 15:29:00 | BH16: 15:29:00 | BI16: 15:29:00 | BJ16: 15:29:00 | BK16: 15:29:00 | BL16: 15:29:00 | BM16: 15:29:00 | BN16: 15:29:00 | BO16: 15:29:00 | BP16: 15:29:00 | BQ16: 15:29:00 | BR16: 15:29:00 | BS16: 15:29:00 | BT16: 15:29:00 | BU16: 0 | BV16: 0 | BW16: 0
A17: 45311 | B17: 15:29:00 | C17: 0 | D17: 0 | E17: 0 | F17: 0 | G17: 0 | H17: 0 | I17: 0 | J17: 0 | K17: 0 | L17: 0 | M17: 0 | N17: 0 | O17: 0 | P17: 0 | Q17: 0 | R17: 0 | S17: 0 | T17: 0 | U17: 0 | V17: 0 | W17: 0 | X17: 0 | Y17: 0 | Z17: 0 | AA17: 0 | AB17: 0 | AC17: 0 | AD17: 0 | AE17: 0 | AF17: 0 | AG17: 0 | AH17: 0 | AI17: 0 | AJ17: 0 | AK17: 0 | AL17: 0 | AM17: 15:29:00 | AN17: 0 | AO17: 0 | AP17: 0 | AQ17: 0 | AR17: 0 | AS17: 0 | AT17: 0 | AU17: 0 | AV17: 0 | AW17: 0 | AX17: 0 | AY17: 0 | AZ17: 0 | BA17: 0 | BB17: 0 | BC17: 0 | BD17: 0 | BE17: 0 | BF17: 0 | BG17: 0 | BH17: 0 | BI17: 0 | BJ17: 0 | BK17: 0 | BL17: 0 | BM17: 0 | BN17: 0 | BO17: 0 | BP17: 0 | BQ17: 0 | BR17: 0 | BS17: 0 | BT17: 0 | BU17: 0 | BV17: 0 | BW17: 0
A18: 45314 | B18: 15:29:00 | C18: 15:29:00 | D18: 15:29:00 | E18: 15:29:00 | F18: 0 | G18: 0 | H18: 0 | I18: 0 | J18: 0 | K18: 0 | L18: 0 | M18: 0 | N18: 0 | O18: 0 | P18: 0 | Q18: 0 | R18: 0 | S18: 0 | T18: 0 | U18: 0 | V18: 0 | W18: 0 | X18: 0 | Y18: 0 | Z18: 0 | AA18: 0 | AB18: 0 | AC18: 0 | AD18: 0 | AE18: 0 | AF18: 0 | AG18: 0 | AH18: 0 | AI18: 0 | AJ18: 10:27:00 | AK18: 10:27:00 | AL18: 10:38:00 | AM18: 15:29:00 | AN18: 0 | AO18: 0 | AP18: 0 | AQ18: 0 | AR18: 0 | AS18: 0 | AT18: 0 | AU18: 0 | AV18: 0 | AW18: 0 | AX18: 0 | AY18: 0 | AZ18: 0 | BA18: 0 | BB18: 0 | BC18: 0 | BD18: 0 | BE18: 0 | BF18: 0 | BG18: 0 | BH18: 0 | BI18: 0 | BJ18: 0 | BK18: 0 | BL18: 0 | BM18: 0 | BN18: 0 | BO18: 0 | BP18: 0 | BQ18: 0 | BR18: 0 | BS18: 0 | BT18: 0 | BU18: 0 | BV18: 0 | BW18: 0
A19: 45315 | B19: 15:29:00 | C19: 15:29:00 | D19: 15:29:00 | E19: 15:29:00 | F19: 0 | G19: 0 | H19: 0 | I19: 0 | J19: 0 | K19: 0 | L19: 0 | M19: 0 | N19: 0 | O19: 0 | P19: 0 | Q19: 0 | R19: 0 | S19: 0 | T19: 0 | U19: 0 | V19: 0 | W19: 0 | X19: 0 | Y19: 0 | Z19: 0 | AA19: 0 | AB19: 0 | AC19: 0 | AD19: 0 | AE19: 0 | AF19: 0 | AG19: 0 | AH19: 0 | AI19: 0 | AJ19: 15:29:00 | AK19: 09:58:00 | AL19: 15:29:00 | AM19: 15:29:00 | AN19: 15:29:00 | AO19: 15:29:00 | AP19: 15:29:00 | AQ19: 0 | AR19: 0 | AS19: 0 | AT19: 0 | AU19: 0 | AV19: 0 | AW19: 0 | AX19: 0 | AY19: 0 | AZ19: 0 | BA19: 0 | BB19: 0 | BC19: 0 | BD19: 0 | BE19: 0 | BF19: 0 | BG19: 0 | BH19: 0 | BI19: 0 | BJ19: 0 | BK19: 0 | BL19: 0 | BM19: 0 | BN19: 0 | BO19: 0 | BP19: 0 | BQ19: 0 | BR19: 0 | BS19: 0 | BT19: 0 | BU19: 15:29:00 | BV19: 10:00:00 | BW19: 15:29:00
A20: 45316 | B20: 15:29:00 | C20: 15:29:00 | D20: 15:29:00 | E20: 15:29:00 | F20: 10:55:00 | G20: 10:59:00 | H20: 15:29:00 | I20: 15:29:00 | J20: 15:29:00 | K20: 15:29:00 | L20: 10:23:00 | M20: 10:22:00 | N20: 15:29:00 | O20: 15:29:00 | P20: 10:55:00 | Q20: 10:59:00 | R20: 15:29:00 | S20: 15:29:00 | T20: 15:29:00 | U20: 15:29:00 | V20: 10:23:00 | W20: 10:22:00 | X20: 15:29:00 | Y20: 15:29:00 | Z20: 15:29:00 | AA20: 15:29:00 | AB20: 15:29:00 | AC20: 15:29:00 | AD20: 15:29:00 | AE20: 15:29:00 | AF20: 15:29:00 | AG20: 15:29:00 | AH20: 15:29:00 | AI20: 15:29:00 | AJ20: 0 | AK20: 0 | AL20: 0 | AM20: 15:29:00 | AN20: 15:29:00 | AO20: 15:29:00 | AP20: 15:29:00 | AQ20: 10:20:00 | AR20: 10:19:00 | AS20: 10:21:00 | AT20: 10:20:00 | AU20: 15:29:00 | AV20: 15:29:00 | AW20: 10:20:00 | AX20: 10:19:00 | AY20: 10:20:00 | AZ20: 10:20:00 | BA20: 10:20:00 | BB20: 10:19:00 | BC20: 10:20:00 | BD20: 10:20:00 | BE20: 15:29:00 | BF20: 15:29:00 | BG20: 10:21:00 | BH20: 10:19:00 | BI20: 10:20:00 | BJ20: 10:20:00 | BK20: 11:39:00 | BL20: 10:57:00 | BM20: 11:40:00 | BN20: 10:21:00 | BO20: 15:29:00 | BP20: 15:29:00 | BQ20: 11:50:00 | BR20: 10:21:00 | BS20: 10:21:00 | BT20: 10:21:00 | BU20: 0 | BV20: 0 | BW20: 0
A21: 45320 | B21: 15:29:00 | C21: 0 | D21: 0 | E21: 0 | F21: 0 | G21: 0 | H21: 0 | I21: 0 | J21: 0 | K21: 0 | L21: 0 | M21: 0 | N21: 0 | O21: 0 | P21: 0 | Q21: 0 | R21: 0 | S21: 0 | T21: 0 | U21: 0 | V21: 0 | W21: 0 | X21: 0 | Y21: 0 | Z21: 0 | AA21: 0 | AB21: 0 | AC21: 0 | AD21: 0 | AE21: 0 | AF21: 0 | AG21: 0 | AH21: 0 | AI21: 0 | AJ21: 0 | AK21: 0 | AL21: 0 | AM21: 15:29:00 | AN21: 0 | AO21: 0 | AP21: 0 | AQ21: 0 | AR21: 0 | AS21: 0 | AT21: 0 | AU21: 0 | AV21: 0 | AW21: 0 | AX21: 0 | AY21: 0 | AZ21: 0 | BA21: 0 | BB21: 0 | BC21: 0 | BD21: 0 | BE21: 0 | BF21: 0 | BG21: 0 | BH21: 0 | BI21: 0 | BJ21: 0 | BK21: 0 | BL21: 0 | BM21: 0 | BN21: 0 | BO21: 0 | BP21: 0 | BQ21: 0 | BR21: 0 | BS21: 0 | BT21: 0 | BU21: 0 | BV21: 0 | BW21: 0
A22: 45321 | B22: 15:29:00 | C22: 15:29:00 | D22: 15:29:00 | E22: 15:29:00 | F22: 0 | G22: 0 | H22: 0 | I22: 0 | J22: 0 | K22: 0 | L22: 0 | M22: 0 | N22: 0 | O22: 0 | P22: 0 | Q22: 0 | R22: 0 | S22: 0 | T22: 0 | U22: 0 | V22: 0 | W22: 0 | X22: 0 | Y22: 0 | Z22: 0 | AA22: 0 | AB22: 0 | AC22: 0 | AD22: 0 | AE22: 0 | AF22: 0 | AG22: 0 | AH22: 0 | AI22: 0 | AJ22: 15:29:00 | AK22: 15:29:00 | AL22: 15:29:00 | AM22: 15:29:00 | AN22: 0 | AO22: 0 | AP22: 0 | AQ22: 0 | AR22: 0 | AS22: 0 | AT22: 0 | AU22: 0 | AV22: 0 | AW22: 0 | AX22: 0 | AY22: 0 | AZ22: 0 | BA22: 0 | BB22: 0 | BC22: 0 | BD22: 0 | BE22: 0 | BF22: 0 | BG22: 0 | BH22: 0 | BI22: 0 | BJ22: 0 | BK22: 0 | BL22: 0 | BM22: 0 | BN22: 0 | BO22: 0 | BP22: 0 | BQ22: 0 | BR22: 0 | BS22: 0 | BT22: 0 | BU22: 0 | BV22: 0 | BW22: 0
A23: 45322 | B23: 15:29:00 | C23: 15:29:00 | D23: 15:29:00 | E23: 15:29:00 | F23: 0 | G23: 0 | H23: 0 | I23: 0 | J23: 0 | K23: 0 | L23: 0 | M23: 0 | N23: 0 | O23: 0 | P23: 0 | Q23: 0 | R23: 0 | S23: 0 | T23: 0 | U23: 0 | V23: 0 | W23: 0 | X23: 0 | Y23: 0 | Z23: 0 | AA23: 0 | AB23: 0 | AC23: 0 | AD23: 0 | AE23: 0 | AF23: 0 | AG23: 0 | AH23: 0 | AI23: 0 | AJ23: 15:29:00 | AK23: 15:29:00 | AL23: 15:29:00 | AM23: 15:29:00 | AN23: 0 | AO23: 0 | AP23: 0 | AQ23: 0 | AR23: 0 | AS23: 0 | AT23: 0 | AU23: 0 | AV23: 0 | AW23: 0 | AX23: 0 | AY23: 0 | AZ23: 0 | BA23: 0 | BB23: 0 | BC23: 0 | BD23: 0 | BE23: 0 | BF23: 0 | BG23: 0 | BH23: 0 | BI23: 0 | BJ23: 0 | BK23: 0 | BL23: 0 | BM23: 0 | BN23: 0 | BO23: 0 | BP23: 0 | BQ23: 0 | BR23: 0 | BS23: 0 | BT23: 0 | BU23: 0 | BV23: 0 | BW23: 0
A24: 45323 | B24: 15:29:00 | C24: 15:29:00 | D24: 15:29:00 | E24: 15:29:00 | F24: 15:29:00 | G24: 14:24:00 | H24: 14:30:00 | I24: 15:00:00 | J24: 15:29:00 | K24: 15:29:00 | L24: 15:29:00 | M24: 15:29:00 | N24: 15:29:00 | O24: 15:29:00 | P24: 15:29:00 | Q24: 15:29:00 | R24: 15:29:00 | S24: 15:29:00 | T24: 15:29:00 | U24: 15:29:00 | V24: 15:29:00 | W24: 15:29:00 | X24: 15:29:00 | Y24: 15:29:00 | Z24: 15:29:00 | AA24: 15:29:00 | AB24: 15:29:00 | AC24: 15:29:00 | AD24: 15:29:00 | AE24: 15:29:00 | AF24: 15:29:00 | AG24: 15:29:00 | AH24: 11:18:00 | AI24: 11:16:00 | AJ24: 0 | AK24: 0 | AL24: 0 | AM24: 13:42:00 | AN24: 15:29:00 | AO24: 15:29:00 | AP24: 15:29:00 | AQ24: 0 | AR24: 0 | AS24: 0 | AT24: 0 | AU24: 0 | AV24: 0 | AW24: 0 | AX24: 0 | AY24: 0 | AZ24: 0 | BA24: 0 | BB24: 0 | BC24: 0 | BD24: 0 | BE24: 0 | BF24: 0 | BG24: 0 | BH24: 0 | BI24: 0 | BJ24: 0 | BK24: 0 | BL24: 0 | BM24: 0 | BN24: 0 | BO24: 0 | BP24: 0 | BQ24: 0 | BR24: 0 | BS24: 0 | BT24: 0 | BU24: 15:29:00 | BV24: 15:29:00 | BW24: 15:29:00
A25: 45324 | B25: 15:29:00 | C25: 0 | D25: 0 | E25: 0 | F25: 0 | G25: 0 | H25: 0 | I25: 0 | J25: 0 | K25: 0 | L25: 0 | M25: 0 | N25: 0 | O25: 0 | P25: 0 | Q25: 0 | R25: 0 | S25: 0 | T25: 0 | U25: 0 | V25: 0 | W25: 0 | X25: 0 | Y25: 0 | Z25: 0 | AA25: 0 | AB25: 0 | AC25: 0 | AD25: 0 | AE25: 0 | AF25: 0 | AG25: 0 | AH25: 0 | AI25: 0 | AJ25: 0 | AK25: 0 | AL25: 0 | AM25: 15:29:00 | AN25: 12:33:00 | AO25: 12:29:00 | AP25: 12:27:00 | AQ25: 09:20:00 | AR25: 11:13:00 | AS25: 11:14:00 | AT25: 11:14:00 | AU25: 11:40:00 | AV25: 11:31:00 | AW25: 11:31:00 | AX25: 11:31:00 | AY25: 11:14:00 | AZ25: 11:13:00 | BA25: 11:13:00 | BB25: 11:14:00 | BC25: 11:40:00 | BD25: 11:31:00 | BE25: 11:40:00 | BF25: 11:40:00 | BG25: 11:31:00 | BH25: 11:31:00 | BI25: 11:31:00 | BJ25: 15:29:00 | BK25: 15:29:00 | BL25: 11:14:00 | BM25: 11:40:00 | BN25: 11:40:00 | BO25: 11:31:00 | BP25: 11:31:00 | BQ25: 11:31:00 | BR25: 11:31:00 | BS25: 11:31:00 | BT25: 11:13:00 | BU25: 0 | BV25: 0 | BW25: 0
A26: 45327 | B26: 15:29:00 | C26: 0 | D26: 0 | E26: 0 | F26: 0 | G26: 0 | H26: 0 | I26: 0 | J26: 0 | K26: 0 | L26: 0 | M26: 0 | N26: 0 | O26: 0 | P26: 0 | Q26: 0 | R26: 0 | S26: 0 | T26: 0 | U26: 0 | V26: 0 | W26: 0 | X26: 0 | Y26: 0 | Z26: 0 | AA26: 0 | AB26: 0 | AC26: 0 | AD26: 0 | AE26: 0 | AF26: 0 | AG26: 0 | AH26: 0 | AI26: 0 | AJ26: 0 | AK26: 0 | AL26: 0 | AM26: 15:29:00 | AN26: 0 | AO26: 0 | AP26: 0 | AQ26: 0 | AR26: 0 | AS26: 0 | AT26: 0 | AU26: 0 | AV26: 0 | AW26: 0 | AX26: 0 | AY26: 0 | AZ26: 0 | BA26: 0 | BB26: 0 | BC26: 0 | BD26: 0 | BE26: 0 | BF26: 0 | BG26: 0 | BH26: 0 | BI26: 0 | BJ26: 0 | BK26: 0 | BL26: 0 | BM26: 0 | BN26: 0 | BO26: 0 | BP26: 0 | BQ26: 0 | BR26: 0 | BS26: 0 | BT26: 0 | BU26: 0 | BV26: 0 | BW26: 0
A27: 45328 | B27: 15:29:00 | C27: 15:29:00 | D27: 15:29:00 | E27: 15:29:00 | F27: 0 | G27: 0 | H27: 0 | I27: 0 | J27: 0 | K27: 0 | L27: 0 | M27: 0 | N27: 0 | O27: 0 | P27: 0 | Q27: 0 | R27: 0 | S27: 0 | T27: 0 | U27: 0 | V27: 0 | W27: 0 | X27: 0 | Y27: 0 | Z27: 0 | AA27: 0 | AB27: 0 | AC27: 0 | AD27: 0 | AE27: 0 | AF27: 0 | AG27: 0 | AH27: 0 | AI27: 0 | AJ27: 15:29:00 | AK27: 15:29:00 | AL27: 15:29:00 | AM27: 15:29:00 | AN27: 0 | AO27: 0 | AP27: 0 | AQ27: 0 | AR27: 0 | AS27: 0 | AT27: 0 | AU27: 0 | AV27: 0 | AW27: 0 | AX27: 0 | AY27: 0 | AZ27: 0 | BA27: 0 | BB27: 0 | BC27: 0 | BD27: 0 | BE27: 0 | BF27: 0 | BG27: 0 | BH27: 0 | BI27: 0 | BJ27: 0 | BK27: 0 | BL27: 0 | BM27: 0 | BN27: 0 | BO27: 0 | BP27: 0 | BQ27: 0 | BR27: 0 | BS27: 0 | BT27: 0 | BU27: 0 | BV27: 0 | BW27: 0
A28: 45329 | B28: 15:29:00 | C28: 15:29:00 | D28: 15:29:00 | E28: 15:29:00 | F28: 0 | G28: 0 | H28: 0 | I28: 0 | J28: 0 | K28: 0 | L28: 0 | M28: 0 | N28: 0 | O28: 0 | P28: 0 | Q28: 0 | R28: 0 | S28: 0 | T28: 0 | U28: 0 | V28: 0 | W28: 0 | X28: 0 | Y28: 0 | Z28: 0 | AA28: 0 | AB28: 0 | AC28: 0 | AD28: 0 | AE28: 0 | AF28: 0 | AG28: 0 | AH28: 0 | AI28: 0 | AJ28: 15:29:00 | AK28: 15:29:00 | AL28: 15:29:00 | AM28: 15:29:00 | AN28: 0 | AO28: 0 | AP28: 0 | AQ28: 0 | AR28: 0 | AS28: 0 | AT28: 0 | AU28: 0 | AV28: 0 | AW28: 0 | AX28: 0 | AY28: 0 | AZ28: 0 | BA28: 0 | BB28: 0 | BC28: 0 | BD28: 0 | BE28: 0 | BF28: 0 | BG28: 0 | BH28: 0 | BI28: 0 | BJ28: 0 | BK28: 0 | BL28: 0 | BM28: 0 | BN28: 0 | BO28: 0 | BP28: 0 | BQ28: 0 | BR28: 0 | BS28: 0 | BT28: 0 | BU28: 0 | BV28: 0 | BW28: 0
A29: 45330 | B29: 15:29:00 | C29: 15:29:00 | D29: 15:29:00 | E29: 15:29:00 | F29: 11:02:00 | G29: 11:02:00 | H29: 11:02:00 | I29: 11:02:00 | J29: 11:02:00 | K29: 11:02:00 | L29: 11:02:00 | M29: 11:02:00 | N29: 11:02:00 | O29: 11:02:00 | P29: 11:02:00 | Q29: 11:02:00 | R29: 11:02:00 | S29: 11:02:00 | T29: 11:02:00 | U29: 11:02:00 | V29: 11:02:00 | W29: 11:02:00 | X29: 11:02:00 | Y29: 11:02:00 | Z29: 11:02:00 | AA29: 11:02:00 | AB29: 11:02:00 | AC29: 11:02:00 | AD29: 11:02:00 | AE29: 11:02:00 | AF29: 11:02:00 | AG29: 11:02:00 | AH29: 11:02:00 | AI29: 11:02:00 | AJ29: 0 | AK29: 0 | AL29: 0 | AM29: 15:29:00 | AN29: 15:29:00 | AO29: 15:29:00 | AP29: 15:29:00 | AQ29: 0 | AR29: 0 | AS29: 0 | AT29: 0 | AU29: 0 | AV29: 0 | AW29: 0 | AX29: 0 | AY29: 0 | AZ29: 0 | BA29: 0 | BB29: 0 | BC29: 0 | BD29: 0 | BE29: 0 | BF29: 0 | BG29: 0 | BH29: 0 | BI29: 0 | BJ29: 0 | BK29: 0 | BL29: 0 | BM29: 0 | BN29: 0 | BO29: 0 | BP29: 0 | BQ29: 0 | BR29: 0 | BS29: 0 | BT29: 0 | BU29: 15:29:00 | BV29: 11:02:00 | BW29: 11:03:00
A30: 45331 | B30: 15:29:00 | C30: 0 | D30: 0 | E30: 0 | F30: 0 | G30: 0 | H30: 0 | I30: 0 | J30: 0 | K30: 0 | L30: 0 | M30: 0 | N30: 0 | O30: 0 | P30: 0 | Q30: 0 | R30: 0 | S30: 0 | T30: 0 | U30: 0 | V30: 0 | W30: 0 | X30: 0 | Y30: 0 | Z30: 0 | AA30: 0 | AB30: 0 | AC30: 0 | AD30: 0 | AE30: 0 | AF30: 0 | AG30: 0 | AH30: 0 | AI30: 0 | AJ30: 0 | AK30: 0 | AL30: 0 | AM30: 15:29:00 | AN30: 15:29:00 | AO30: 15:29:00 | AP30: 15:29:00 | AQ30: 09:21:00 | AR30: 09:21:00 | AS30: 09:21:00 | AT30: 15:29:00 | AU30: 15:29:00 | AV30: 15:29:00 | AW30: 15:29:00 | AX30: 15:29:00 | AY30: 15:29:00 | AZ30: 15:29:00 | BA30: 09:21:00 | BB30: 09:21:00 | BC30: 09:21:00 | BD30: 15:29:00 | BE30: 15:29:00 | BF30: 15:29:00 | BG30: 15:29:00 | BH30: 15:29:00 | BI30: 15:29:00 | BJ30: 15:29:00 | BK30: 15:29:00 | BL30: 15:29:00 | BM30: 15:29:00 | BN30: 15:29:00 | BO30: 15:29:00 | BP30: 15:29:00 | BQ30: 15:29:00 | BR30: 15:29:00 | BS30: 15:29:00 | BT30: 15:29:00 | BU30: 0 | BV30: 0 | BW30: 0
A31: 45334 | B31: 15:29:00 | C31: 0 | D31: 0 | E31: 0 | F31: 0 | G31: 0 | H31: 0 | I31: 0 | J31: 0 | K31: 0 | L31: 0 | M31: 0 | N31: 0 | O31: 0 | P31: 0 | Q31: 0 | R31: 0 | S31: 0 | T31: 0 | U31: 0 | V31: 0 | W31: 0 | X31: 0 | Y31: 0 | Z31: 0 | AA31: 0 | AB31: 0 | AC31: 0 | AD31: 0 | AE31: 0 | AF31: 0 | AG31: 0 | AH31: 0 | AI31: 0 | AJ31: 0 | AK31: 0 | AL31: 0 | AM31: 15:29:00 | AN31: 0 | AO31: 0 | AP31: 0 | AQ31: 0 | AR31: 0 | AS31: 0 | AT31: 0 | AU31: 0 | AV31: 0 | AW31: 0 | AX31: 0 | AY31: 0 | AZ31: 0 | BA31: 0 | BB31: 0 | BC31: 0 | BD31: 0 | BE31: 0 | BF31: 0 | BG31: 0 | BH31: 0 | BI31: 0 | BJ31: 0 | BK31: 0 | BL31: 0 | BM31: 0 | BN31: 0 | BO31: 0 | BP31: 0 | BQ31: 0 | BR31: 0 | BS31: 0 | BT31: 0 | BU31: 0 | BV31: 0 | BW31: 0
A32: 45335 | B32: 15:29:00 | C32: 15:29:00 | D32: 15:29:00 | E32: 15:29:00 | F32: 0 | G32: 0 | H32: 0 | I32: 0 | J32: 0 | K32: 0 | L32: 0 | M32: 0 | N32: 0 | O32: 0 | P32: 0 | Q32: 0 | R32: 0 | S32: 0 | T32: 0 | U32: 0 | V32: 0 | W32: 0 | X32: 0 | Y32: 0 | Z32: 0 | AA32: 0 | AB32: 0 | AC32: 0 | AD32: 0 | AE32: 0 | AF32: 0 | AG32: 0 | AH32: 0 | AI32: 0 | AJ32: 15:29:00 | AK32: 15:29:00 | AL32: 15:29:00 | AM32: 15:29:00 | AN32: 0 | AO32: 0 | AP32: 0 | AQ32: 0 | AR32: 0 | AS32: 0 | AT32: 0 | AU32: 0 | AV32: 0 | AW32: 0 | AX32: 0 | AY32: 0 | AZ32: 0 | BA32: 0 | BB32: 0 | BC32: 0 | BD32: 0 | BE32: 0 | BF32: 0 | BG32: 0 | BH32: 0 | BI32: 0 | BJ32: 0 | BK32: 0 | BL32: 0 | BM32: 0 | BN32: 0 | BO32: 0 | BP32: 0 | BQ32: 0 | BR32: 0 | BS32: 0 | BT32: 0 | BU32: 0 | BV32: 0 | BW32: 0
A33: 45336 | B33: 15:29:00 | C33: 15:29:00 | D33: 15:29:00 | E33: 15:29:00 | F33: 0 | G33: 0 | H33: 0 | I33: 0 | J33: 0 | K33: 0 | L33: 0 | M33: 0 | N33: 0 | O33: 0 | P33: 0 | Q33: 0 | R33: 0 | S33: 0 | T33: 0 | U33: 0 | V33: 0 | W33: 0 | X33: 0 | Y33: 0 | Z33: 0 | AA33: 0 | AB33: 0 | AC33: 0 | AD33: 0 | AE33: 0 | AF33: 0 | AG33: 0 | AH33: 0 | AI33: 0 | AJ33: 15:29:00 | AK33: 14:24:00 | AL33: 15:29:00 | AM33: 15:29:00 | AN33: 0 | AO33: 0 | AP33: 0 | AQ33: 0 | AR33: 0 | AS33: 0 | AT33: 0 | AU33: 0 | AV33: 0 | AW33: 0 | AX33: 0 | AY33: 0 | AZ33: 0 | BA33: 0 | BB33: 0 | BC33: 0 | BD33: 0 | BE33: 0 | BF33: 0 | BG33: 0 | BH33: 0 | BI33: 0 | BJ33: 0 | BK33: 0 | BL33: 0 | BM33: 0 | BN33: 0 | BO33: 0 | BP33: 0 | BQ33: 0 | BR33: 0 | BS33: 0 | BT33: 0 | BU33: 0 | BV33: 0 | BW33: 0
A34: 45337 | B34: 15:29:00 | C34: 15:29:00 | D34: 15:29:00 | E34: 15:29:00 | F34: 15:29:00 | G34: 15:29:00 | H34: 15:29:00 | I34: 15:29:00 | J34: 15:29:00 | K34: 15:29:00 | L34: 15:29:00 | M34: 15:29:00 | N34: 15:29:00 | O34: 15:29:00 | P34: 15:29:00 | Q34: 15:29:00 | R34: 15:29:00 | S34: 15:29:00 | T34: 15:29:00 | U34: 15:29:00 | V34: 15:29:00 | W34: 15:29:00 | X34: 15:29:00 | Y34: 15:29:00 | Z34: 10:07:00 | AA34: 10:07:00 | AB34: 09:59:00 | AC34: 09:59:00 | AD34: 10:07:00 | AE34: 10:01:00 | AF34: 15:29:00 | AG34: 10:07:00 | AH34: 15:29:00 | AI34: 15:29:00 | AJ34: 0 | AK34: 0 | AL34: 0 | AM34: 15:29:00 | AN34: 15:29:00 | AO34: 15:29:00 | AP34: 15:29:00 | AQ34: 0 | AR34: 0 | AS34: 0 | AT34: 0 | AU34: 0 | AV34: 0 | AW34: 0 | AX34: 0 | AY34: 0 | AZ34: 0 | BA34: 0 | BB34: 0 | BC34: 0 | BD34: 0 | BE34: 0 | BF34: 0 | BG34: 0 | BH34: 0 | BI34: 0 | BJ34: 0 | BK34: 0 | BL34: 0 | BM34: 0 | BN34: 0 | BO34: 0 | BP34: 0 | BQ34: 0 | BR34: 0 | BS34: 0 | BT34: 0 | BU34: 15:29:00 | BV34: 15:29:00 | BW34: 15:29:00
A35: 45338 | B35: 15:29:00 | C35: 0 | D35: 0 | E35: 0 | F35: 0 | G35: 0 | H35: 0 | I35: 0 | J35: 0 | K35: 0 | L35: 0 | M35: 0 | N35: 0 | O35: 0 | P35: 0 | Q35: 0 | R35: 0 | S35: 0 | T35: 0 | U35: 0 | V35: 0 | W35: 0 | X35: 0 | Y35: 0 | Z35: 0 | AA35: 0 | AB35: 0 | AC35: 0 | AD35: 0 | AE35: 0 | AF35: 0 | AG35: 0 | AH35: 0 | AI35: 0 | AJ35: 0 | AK35: 0 | AL35: 0 | AM35: 15:08:00 | AN35: 15:29:00 | AO35: 15:29:00 | AP35: 15:29:00 | AQ35: 15:29:00 | AR35: 15:29:00 | AS35: 15:29:00 | AT35: 15:29:00 | AU35: 15:29:00 | AV35: 15:29:00 | AW35: 15:29:00 | AX35: 15:29:00 | AY35: 15:29:00 | AZ35: 15:29:00 | BA35: 15:29:00 | BB35: 15:29:00 | BC35: 15:29:00 | BD35: 15:29:00 | BE35: 15:29:00 | BF35: 15:29:00 | BG35: 15:29:00 | BH35: 15:29:00 | BI35: 15:29:00 | BJ35: 15:29:00 | BK35: 15:29:00 | BL35: 15:29:00 | BM35: 15:29:00 | BN35: 15:29:00 | BO35: 15:29:00 | BP35: 15:29:00 | BQ35: 15:29:00 | BR35: 15:29:00 | BS35: 15:29:00 | BT35: 15:29:00 | BU35: 0 | BV35: 0 | BW35: 0
A36: 45341 | B36: 15:29:00 | C36: 0 | D36: 0 | E36: 0 | F36: 0 | G36: 0 | H36: 0 | I36: 0 | J36: 0 | K36: 0 | L36: 0 | M36: 0 | N36: 0 | O36: 0 | P36: 0 | Q36: 0 | R36: 0 | S36: 0 | T36: 0 | U36: 0 | V36: 0 | W36: 0 | X36: 0 | Y36: 0 | Z36: 0 | AA36: 0 | AB36: 0 | AC36: 0 | AD36: 0 | AE36: 0 | AF36: 0 | AG36: 0 | AH36: 0 | AI36: 0 | AJ36: 0 | AK36: 0 | AL36: 0 | AM36: 15:29:00 | AN36: 0 | AO36: 0 | AP36: 0 | AQ36: 0 | AR36: 0 | AS36: 0 | AT36: 0 | AU36: 0 | AV36: 0 | AW36: 0 | AX36: 0 | AY36: 0 | AZ36: 0 | BA36: 0 | BB36: 0 | BC36: 0 | BD36: 0 | BE36: 0 | BF36: 0 | BG36: 0 | BH36: 0 | BI36: 0 | BJ36: 0 | BK36: 0 | BL36: 0 | BM36: 0 | BN36: 0 | BO36: 0 | BP36: 0 | BQ36: 0 | BR36: 0 | BS36: 0 | BT36: 0 | BU36: 0 | BV36: 0 | BW36: 0
A37: 45342 | B37: 15:29:00 | C37: 15:29:00 | D37: 15:29:00 | E37: 15:29:00 | F37: 0 | G37: 0 | H37: 0 | I37: 0 | J37: 0 | K37: 0 | L37: 0 | M37: 0 | N37: 0 | O37: 0 | P37: 0 | Q37: 0 | R37: 0 | S37: 0 | T37: 0 | U37: 0 | V37: 0 | W37: 0 | X37: 0 | Y37: 0 | Z37: 0 | AA37: 0 | AB37: 0 | AC37: 0 | AD37: 0 | AE37: 0 | AF37: 0 | AG37: 0 | AH37: 0 | AI37: 0 | AJ37: 15:29:00 | AK37: 15:29:00 | AL37: 15:29:00 | AM37: 15:29:00 | AN37: 0 | AO37: 0 | AP37: 0 | AQ37: 0 | AR37: 0 | AS37: 0 | AT37: 0 | AU37: 0 | AV37: 0 | AW37: 0 | AX37: 0 | AY37: 0 | AZ37: 0 | BA37: 0 | BB37: 0 | BC37: 0 | BD37: 0 | BE37: 0 | BF37: 0 | BG37: 0 | BH37: 0 | BI37: 0 | BJ37: 0 | BK37: 0 | BL37: 0 | BM37: 0 | BN37: 0 | BO37: 0 | BP37: 0 | BQ37: 0 | BR37: 0 | BS37: 0 | BT37: 0 | BU37: 0 | BV37: 0 | BW37: 0
A38: 45343 | B38: 15:29:00 | C38: 15:29:00 | D38: 15:29:00 | E38: 15:29:00 | F38: 0 | G38: 0 | H38: 0 | I38: 0 | J38: 0 | K38: 0 | L38: 0 | M38: 0 | N38: 0 | O38: 0 | P38: 0 | Q38: 0 | R38: 0 | S38: 0 | T38: 0 | U38: 0 | V38: 0 | W38: 0 | X38: 0 | Y38: 0 | Z38: 0 | AA38: 0 | AB38: 0 | AC38: 0 | AD38: 0 | AE38: 0 | AF38: 0 | AG38: 0 | AH38: 0 | AI38: 0 | AJ38: 15:29:00 | AK38: 14:40:00 | AL38: 15:29:00 | AM38: 15:29:00 | AN38: 0 | AO38: 0 | AP38: 0 | AQ38: 0 | AR38: 0 | AS38: 0 | AT38: 0 | AU38: 0 | AV38: 0 | AW38: 0 | AX38: 0 | AY38: 0 | AZ38: 0 | BA38: 0 | BB38: 0 | BC38: 0 | BD38: 0 | BE38: 0 | BF38: 0 | BG38: 0 | BH38: 0 | BI38: 0 | BJ38: 0 | BK38: 0 | BL38: 0 | BM38: 0 | BN38: 0 | BO38: 0 | BP38: 0 | BQ38: 0 | BR38: 0 | BS38: 0 | BT38: 0 | BU38: 0 | BV38: 0 | BW38: 0
A39: 45344 | B39: 15:29:00 | C39: 15:29:00 | D39: 15:29:00 | E39: 15:29:00 | F39: 10:00:00 | G39: 10:00:00 | H39: 10:00:00 | I39: 10:00:00 | J39: 10:00:00 | K39: 10:01:00 | L39: 10:01:00 | M39: 10:05:00 | N39: 15:29:00 | O39: 15:29:00 | P39: 10:00:00 | Q39: 10:00:00 | R39: 10:00:00 | S39: 10:00:00 | T39: 10:00:00 | U39: 10:01:00 | V39: 10:01:00 | W39: 10:05:00 | X39: 15:29:00 | Y39: 15:29:00 | Z39: 09:59:00 | AA39: 09:59:00 | AB39: 10:05:00 | AC39: 10:05:00 | AD39: 10:05:00 | AE39: 10:05:00 | AF39: 10:05:00 | AG39: 15:29:00 | AH39: 15:29:00 | AI39: 15:29:00 | AJ39: 0 | AK39: 0 | AL39: 0 | AM39: 15:29:00 | AN39: 15:29:00 | AO39: 15:29:00 | AP39: 15:29:00 | AQ39: 0 | AR39: 0 | AS39: 0 | AT39: 0 | AU39: 0 | AV39: 0 | AW39: 0 | AX39: 0 | AY39: 0 | AZ39: 0 | BA39: 0 | BB39: 0 | BC39: 0 | BD39: 0 | BE39: 0 | BF39: 0 | BG39: 0 | BH39: 0 | BI39: 0 | BJ39: 0 | BK39: 0 | BL39: 0 | BM39: 0 | BN39: 0 | BO39: 0 | BP39: 0 | BQ39: 0 | BR39: 0 | BS39: 0 | BT39: 0 | BU39: 15:29:00 | BV39: 15:29:00 | BW39: 15:29:00
A40: 45345 | B40: 15:29:00 | C40: 0 | D40: 0 | E40: 0 | F40: 0 | G40: 0 | H40: 0 | I40: 0 | J40: 0 | K40: 0 | L40: 0 | M40: 0 | N40: 0 | O40: 0 | P40: 0 | Q40: 0 | R40: 0 | S40: 0 | T40: 0 | U40: 0 | V40: 0 | W40: 0 | X40: 0 | Y40: 0 | Z40: 0 | AA40: 0 | AB40: 0 | AC40: 0 | AD40: 0 | AE40: 0 | AF40: 0 | AG40: 0 | AH40: 0 | AI40: 0 | AJ40: 0 | AK40: 0 | AL40: 0 | AM40: 15:29:00 | AN40: 15:29:00 | AO40: 15:29:00 | AP40: 15:29:00 | AQ40: 15:29:00 | AR40: 15:29:00 | AS40: 15:29:00 | AT40: 15:29:00 | AU40: 15:29:00 | AV40: 15:29:00 | AW40: 15:29:00 | AX40: 15:29:00 | AY40: 15:29:00 | AZ40: 15:29:00 | BA40: 15:29:00 | BB40: 15:29:00 | BC40: 15:29:00 | BD40: 15:29:00 | BE40: 15:29:00 | BF40: 15:29:00 | BG40: 15:29:00 | BH40: 15:29:00 | BI40: 15:29:00 | BJ40: 15:29:00 | BK40: 15:29:00 | BL40: 15:29:00 | BM40: 15:29:00 | BN40: 15:29:00 | BO40: 15:29:00 | BP40: 15:29:00 | BQ40: 15:29:00 | BR40: 15:29:00 | BS40: 15:29:00 | BT40: 15:29:00 | BU40: 0 | BV40: 0 | BW40: 0
A41: 45348 | B41: 15:29:00 | C41: 0 | D41: 0 | E41: 0 | F41: 0 | G41: 0 | H41: 0 | I41: 0 | J41: 0 | K41: 0 | L41: 0 | M41: 0 | N41: 0 | O41: 0 | P41: 0 | Q41: 0 | R41: 0 | S41: 0 | T41: 0 | U41: 0 | V41: 0 | W41: 0 | X41: 0 | Y41: 0 | Z41: 0 | AA41: 0 | AB41: 0 | AC41: 0 | AD41: 0 | AE41: 0 | AF41: 0 | AG41: 0 | AH41: 0 | AI41: 0 | AJ41: 0 | AK41: 0 | AL41: 0 | AM41: 15:29:00 | AN41: 0 | AO41: 0 | AP41: 0 | AQ41: 0 | AR41: 0 | AS41: 0 | AT41: 0 | AU41: 0 | AV41: 0 | AW41: 0 | AX41: 0 | AY41: 0 | AZ41: 0 | BA41: 0 | BB41: 0 | BC41: 0 | BD41: 0 | BE41: 0 | BF41: 0 | BG41: 0 | BH41: 0 | BI41: 0 | BJ41: 0 | BK41: 0 | BL41: 0 | BM41: 0 | BN41: 0 | BO41: 0 | BP41: 0 | BQ41: 0 | BR41: 0 | BS41: 0 | BT41: 0 | BU41: 0 | BV41: 0 | BW41: 0
A42: 45349 | B42: 15:29:00 | C42: 15:29:00 | D42: 15:29:00 | E42: 15:29:00 | F42: 0 | G42: 0 | H42: 0 | I42: 0 | J42: 0 | K42: 0 | L42: 0 | M42: 0 | N42: 0 | O42: 0 | P42: 0 | Q42: 0 | R42: 0 | S42: 0 | T42: 0 | U42: 0 | V42: 0 | W42: 0 | X42: 0 | Y42: 0 | Z42: 0 | AA42: 0 | AB42: 0 | AC42: 0 | AD42: 0 | AE42: 0 | AF42: 0 | AG42: 0 | AH42: 0 | AI42: 0 | AJ42: 15:29:00 | AK42: 15:29:00 | AL42: 15:29:00 | AM42: 15:29:00 | AN42: 0 | AO42: 0 | AP42: 0 | AQ42: 0 | AR42: 0 | AS42: 0 | AT42: 0 | AU42: 0 | AV42: 0 | AW42: 0 | AX42: 0 | AY42: 0 | AZ42: 0 | BA42: 0 | BB42: 0 | BC42: 0 | BD42: 0 | BE42: 0 | BF42: 0 | BG42: 0 | BH42: 0 | BI42: 0 | BJ42: 0 | BK42: 0 | BL42: 0 | BM42: 0 | BN42: 0 | BO42: 0 | BP42: 0 | BQ42: 0 | BR42: 0 | BS42: 0 | BT42: 0 | BU42: 0 | BV42: 0 | BW42: 0
A43: 45350 | B43: 15:29:00 | C43: 15:29:00 | D43: 15:29:00 | E43: 15:29:00 | F43: 0 | G43: 0 | H43: 0 | I43: 0 | J43: 0 | K43: 0 | L43: 0 | M43: 0 | N43: 0 | O43: 0 | P43: 0 | Q43: 0 | R43: 0 | S43: 0 | T43: 0 | U43: 0 | V43: 0 | W43: 0 | X43: 0 | Y43: 0 | Z43: 0 | AA43: 0 | AB43: 0 | AC43: 0 | AD43: 0 | AE43: 0 | AF43: 0 | AG43: 0 | AH43: 0 | AI43: 0 | AJ43: 15:29:00 | AK43: 11:00:00 | AL43: 11:00:00 | AM43: 15:29:00 | AN43: 0 | AO43: 0 | AP43: 0 | AQ43: 0 | AR43: 0 | AS43: 0 | AT43: 0 | AU43: 0 | AV43: 0 | AW43: 0 | AX43: 0 | AY43: 0 | AZ43: 0 | BA43: 0 | BB43: 0 | BC43: 0 | BD43: 0 | BE43: 0 | BF43: 0 | BG43: 0 | BH43: 0 | BI43: 0 | BJ43: 0 | BK43: 0 | BL43: 0 | BM43: 0 | BN43: 0 | BO43: 0 | BP43: 0 | BQ43: 0 | BR43: 0 | BS43: 0 | BT43: 0 | BU43: 0 | BV43: 0 | BW43: 0
A44: 45351 | B44: 15:29:00 | C44: 15:29:00 | D44: 15:29:00 | E44: 15:29:00 | F44: 10:10:00 | G44: 11:15:00 | H44: 10:10:00 | I44: 10:10:00 | J44: 10:10:00 | K44: 11:15:00 | L44: 11:15:00 | M44: 15:29:00 | N44: 15:29:00 | O44: 10:13:00 | P44: 10:11:00 | Q44: 15:29:00 | R44: 10:11:00 | S44: 10:11:00 | T44: 10:11:00 | U44: 15:29:00 | V44: 15:29:00 | W44: 15:29:00 | X44: 15:29:00 | Y44: 10:13:00 | Z44: 10:11:00 | AA44: 15:29:00 | AB44: 10:11:00 | AC44: 10:11:00 | AD44: 10:11:00 | AE44: 15:29:00 | AF44: 15:29:00 | AG44: 15:29:00 | AH44: 15:29:00 | AI44: 10:19:00 | AJ44: 0 | AK44: 0 | AL44: 0 | AM44: 15:29:00 | AN44: 15:29:00 | AO44: 15:29:00 | AP44: 15:29:00 | AQ44: 0 | AR44: 0 | AS44: 0 | AT44: 0 | AU44: 0 | AV44: 0 | AW44: 0 | AX44: 0 | AY44: 0 | AZ44: 0 | BA44: 0 | BB44: 0 | BC44: 0 | BD44: 0 | BE44: 0 | BF44: 0 | BG44: 0 | BH44: 0 | BI44: 0 | BJ44: 0 | BK44: 0 | BL44: 0 | BM44: 0 | BN44: 0 | BO44: 0 | BP44: 0 | BQ44: 0 | BR44: 0 | BS44: 0 | BT44: 0 | BU44: 15:29:00 | BV44: 15:29:00 | BW44: 15:29:00
A45: 45352 | B45: 15:29:00 | C45: 0 | D45: 0 | E45: 0 | F45: 0 | G45: 0 | H45: 0 | I45: 0 | J45: 0 | K45: 0 | L45: 0 | M45: 0 | N45: 0 | O45: 0 | P45: 0 | Q45: 0 | R45: 0 | S45: 0 | T45: 0 | U45: 0 | V45: 0 | W45: 0 | X45: 0 | Y45: 0 | Z45: 0 | AA45: 0 | AB45: 0 | AC45: 0 | AD45: 0 | AE45: 0 | AF45: 0 | AG45: 0 | AH45: 0 | AI45: 0 | AJ45: 0 | AK45: 0 | AL45: 0 | AM45: 15:29:00 | AN45: 15:29:00 | AO45: 15:29:00 | AP45: 15:29:00 | AQ45: 09:41:00 | AR45: 09:42:00 | AS45: 09:42:00 | AT45: 09:42:00 | AU45: 09:42:00 | AV45: 09:43:00 | AW45: 09:43:00 | AX45: 09:43:00 | AY45: 09:43:00 | AZ45: 09:43:00 | BA45: 09:42:00 | BB45: 09:43:00 | BC45: 09:43:00 | BD45: 09:43:00 | BE45: 09:43:00 | BF45: 09:43:00 | BG45: 09:45:00 | BH45: 09:43:00 | BI45: 09:43:00 | BJ45: 09:43:00 | BK45: 09:43:00 | BL45: 11:37:00 | BM45: 09:45:00 | BN45: 11:37:00 | BO45: 11:37:00 | BP45: 11:37:00 | BQ45: 11:37:00 | BR45: 11:37:00 | BS45: 11:37:00 | BT45: 11:37:00 | BU45: 0 | BV45: 0 | BW45: 0
A46: 45355 | B46: 15:29:00 | C46: 0 | D46: 0 | E46: 0 | F46: 0 | G46: 0 | H46: 0 | I46: 0 | J46: 0 | K46: 0 | L46: 0 | M46: 0 | N46: 0 | O46: 0 | P46: 0 | Q46: 0 | R46: 0 | S46: 0 | T46: 0 | U46: 0 | V46: 0 | W46: 0 | X46: 0 | Y46: 0 | Z46: 0 | AA46: 0 | AB46: 0 | AC46: 0 | AD46: 0 | AE46: 0 | AF46: 0 | AG46: 0 | AH46: 0 | AI46: 0 | AJ46: 0 | AK46: 0 | AL46: 0 | AM46: 15:29:00 | AN46: 0 | AO46: 0 | AP46: 0 | AQ46: 0 | AR46: 0 | AS46: 0 | AT46: 0 | AU46: 0 | AV46: 0 | AW46: 0 | AX46: 0 | AY46: 0 | AZ46: 0 | BA46: 0 | BB46: 0 | BC46: 0 | BD46: 0 | BE46: 0 | BF46: 0 | BG46: 0 | BH46: 0 | BI46: 0 | BJ46: 0 | BK46: 0 | BL46: 0 | BM46: 0 | BN46: 0 | BO46: 0 | BP46: 0 | BQ46: 0 | BR46: 0 | BS46: 0 | BT46: 0 | BU46: 0 | BV46: 0 | BW46: 0
A47: 45356 | B47: 15:29:00 | C47: 15:29:00 | D47: 15:29:00 | E47: 15:29:00 | F47: 0 | G47: 0 | H47: 0 | I47: 0 | J47: 0 | K47: 0 | L47: 0 | M47: 0 | N47: 0 | O47: 0 | P47: 0 | Q47: 0 | R47: 0 | S47: 0 | T47: 0 | U47: 0 | V47: 0 | W47: 0 | X47: 0 | Y47: 0 | Z47: 0 | AA47: 0 | AB47: 0 | AC47: 0 | AD47: 0 | AE47: 0 | AF47: 0 | AG47: 0 | AH47: 0 | AI47: 0 | AJ47: 15:29:00 | AK47: 15:29:00 | AL47: 15:29:00 | AM47: 15:29:00 | AN47: 0 | AO47: 0 | AP47: 0 | AQ47: 0 | AR47: 0 | AS47: 0 | AT47: 0 | AU47: 0 | AV47: 0 | AW47: 0 | AX47: 0 | AY47: 0 | AZ47: 0 | BA47: 0 | BB47: 0 | BC47: 0 | BD47: 0 | BE47: 0 | BF47: 0 | BG47: 0 | BH47: 0 | BI47: 0 | BJ47: 0 | BK47: 0 | BL47: 0 | BM47: 0 | BN47: 0 | BO47: 0 | BP47: 0 | BQ47: 0 | BR47: 0 | BS47: 0 | BT47: 0 | BU47: 0 | BV47: 0 | BW47: 0
A48: 45357 | B48: 15:29:00 | C48: 15:29:00 | D48: 15:29:00 | E48: 15:29:00 | F48: 0 | G48: 0 | H48: 0 | I48: 0 | J48: 0 | K48: 0 | L48: 0 | M48: 0 | N48: 0 | O48: 0 | P48: 0 | Q48: 0 | R48: 0 | S48: 0 | T48: 0 | U48: 0 | V48: 0 | W48: 0 | X48: 0 | Y48: 0 | Z48: 0 | AA48: 0 | AB48: 0 | AC48: 0 | AD48: 0 | AE48: 0 | AF48: 0 | AG48: 0 | AH48: 0 | AI48: 0 | AJ48: 15:29:00 | AK48: 14:34:00 | AL48: 15:29:00 | AM48: 15:29:00 | AN48: 15:29:00 | AO48: 15:29:00 | AP48: 15:29:00 | AQ48: 0 | AR48: 0 | AS48: 0 | AT48: 0 | AU48: 0 | AV48: 0 | AW48: 0 | AX48: 0 | AY48: 0 | AZ48: 0 | BA48: 0 | BB48: 0 | BC48: 0 | BD48: 0 | BE48: 0 | BF48: 0 | BG48: 0 | BH48: 0 | BI48: 0 | BJ48: 0 | BK48: 0 | BL48: 0 | BM48: 0 | BN48: 0 | BO48: 0 | BP48: 0 | BQ48: 0 | BR48: 0 | BS48: 0 | BT48: 0 | BU48: 15:29:00 | BV48: 15:29:00 | BW48: 15:29:00
A49: 45358 | B49: 15:29:00 | C49: 15:29:00 | D49: 15:29:00 | E49: 15:29:00 | F49: 15:29:00 | G49: 15:29:00 | H49: 15:29:00 | I49: 15:29:00 | J49: 15:29:00 | K49: 15:29:00 | L49: 15:29:00 | M49: 15:29:00 | N49: 15:29:00 | O49: 15:29:00 | P49: 15:29:00 | Q49: 15:29:00 | R49: 15:29:00 | S49: 15:29:00 | T49: 15:29:00 | U49: 15:29:00 | V49: 15:29:00 | W49: 15:29:00 | X49: 15:29:00 | Y49: 15:29:00 | Z49: 15:29:00 | AA49: 15:29:00 | AB49: 15:29:00 | AC49: 15:29:00 | AD49: 15:29:00 | AE49: 15:29:00 | AF49: 15:29:00 | AG49: 15:29:00 | AH49: 15:29:00 | AI49: 15:29:00 | AJ49: 0 | AK49: 0 | AL49: 0 | AM49: 15:29:00 | AN49: 15:29:00 | AO49: 15:29:00 | AP49: 15:29:00 | AQ49: 15:29:00 | AR49: 15:29:00 | AS49: 15:29:00 | AT49: 15:29:00 | AU49: 15:29:00 | AV49: 15:29:00 | AW49: 15:29:00 | AX49: 15:29:00 | AY49: 15:29:00 | AZ49: 15:29:00 | BA49: 15:29:00 | BB49: 15:29:00 | BC49: 15:29:00 | BD49: 15:29:00 | BE49: 15:29:00 | BF49: 15:29:00 | BG49: 15:29:00 | BH49: 15:29:00 | BI49: 15:29:00 | BJ49: 15:29:00 | BK49: 15:29:00 | BL49: 15:29:00 | BM49: 15:29:00 | BN49: 15:29:00 | BO49: 15:29:00 | BP49: 15:29:00 | BQ49: 15:29:00 | BR49: 15:29:00 | BS49: 15:29:00 | BT49: 15:29:00 | BU49: 0 | BV49: 0 | BW49: 0
A50: 45362 | B50: 15:29:00 | C50: 0 | D50: 0 | E50: 0 | F50: 0 | G50: 0 | H50: 0 | I50: 0 | J50: 0 | K50: 0 | L50: 0 | M50: 0 | N50: 0 | O50: 0 | P50: 0 | Q50: 0 | R50: 0 | S50: 0 | T50: 0 | U50: 0 | V50: 0 | W50: 0 | X50: 0 | Y50: 0 | Z50: 0 | AA50: 0 | AB50: 0 | AC50: 0 | AD50: 0 | AE50: 0 | AF50: 0 | AG50: 0 | AH50: 0 | AI50: 0 | AJ50: 0 | AK50: 0 | AL50: 0 | AM50: 15:29:00 | AN50: 0 | AO50: 0 | AP50: 0 | AQ50: 0 | AR50: 0 | AS50: 0 | AT50: 0 | AU50: 0 | AV50: 0 | AW50: 0 | AX50: 0 | AY50: 0 | AZ50: 0 | BA50: 0 | BB50: 0 | BC50: 0 | BD50: 0 | BE50: 0 | BF50: 0 | BG50: 0 | BH50: 0 | BI50: 0 | BJ50: 0 | BK50: 0 | BL50: 0 | BM50: 0 | BN50: 0 | BO50: 0 | BP50: 0 | BQ50: 0 | BR50: 0 | BS50: 0 | BT50: 0 | BU50: 0 | BV50: 0 | BW50: 0
A51: 45363 | B51: 15:29:00 | C51: 15:29:00 | D51: 15:29:00 | E51: 15:29:00 | F51: 0 | G51: 0 | H51: 0 | I51: 0 | J51: 0 | K51: 0 | L51: 0 | M51: 0 | N51: 0 | O51: 0 | P51: 0 | Q51: 0 | R51: 0 | S51: 0 | T51: 0 | U51: 0 | V51: 0 | W51: 0 | X51: 0 | Y51: 0 | Z51: 0 | AA51: 0 | AB51: 0 | AC51: 0 | AD51: 0 | AE51: 0 | AF51: 0 | AG51: 0 | AH51: 0 | AI51: 0 | AJ51: 15:29:00 | AK51: 15:29:00 | AL51: 15:29:00 | AM51: 15:29:00 | AN51: 0 | AO51: 0 | AP51: 0 | AQ51: 0 | AR51: 0 | AS51: 0 | AT51: 0 | AU51: 0 | AV51: 0 | AW51: 0 | AX51: 0 | AY51: 0 | AZ51: 0 | BA51: 0 | BB51: 0 | BC51: 0 | BD51: 0 | BE51: 0 | BF51: 0 | BG51: 0 | BH51: 0 | BI51: 0 | BJ51: 0 | BK51: 0 | BL51: 0 | BM51: 0 | BN51: 0 | BO51: 0 | BP51: 0 | BQ51: 0 | BR51: 0 | BS51: 0 | BT51: 0 | BU51: 0 | BV51: 0 | BW51: 0
A52: 45364 | B52: 15:29:00 | C52: 15:29:00 | D52: 15:29:00 | E52: 15:29:00 | F52: 0 | G52: 0 | H52: 0 | I52: 0 | J52: 0 | K52: 0 | L52: 0 | M52: 0 | N52: 0 | O52: 0 | P52: 0 | Q52: 0 | R52: 0 | S52: 0 | T52: 0 | U52: 0 | V52: 0 | W52: 0 | X52: 0 | Y52: 0 | Z52: 0 | AA52: 0 | AB52: 0 | AC52: 0 | AD52: 0 | AE52: 0 | AF52: 0 | AG52: 0 | AH52: 0 | AI52: 0 | AJ52: 15:29:00 | AK52: 11:24:00 | AL52: 11:30:00 | AM52: 15:29:00 | AN52: 0 | AO52: 0 | AP52: 0 | AQ52: 0 | AR52: 0 | AS52: 0 | AT52: 0 | AU52: 0 | AV52: 0 | AW52: 0 | AX52: 0 | AY52: 0 | AZ52: 0 | BA52: 0 | BB52: 0 | BC52: 0 | BD52: 0 | BE52: 0 | BF52: 0 | BG52: 0 | BH52: 0 | BI52: 0 | BJ52: 0 | BK52: 0 | BL52: 0 | BM52: 0 | BN52: 0 | BO52: 0 | BP52: 0 | BQ52: 0 | BR52: 0 | BS52: 0 | BT52: 0 | BU52: 0 | BV52: 0 | BW52: 0
A53: 45365 | B53: 15:29:00 | C53: 15:29:00 | D53: 15:29:00 | E53: 15:29:00 | F53: 15:29:00 | G53: 15:29:00 | H53: 15:29:00 | I53: 15:29:00 | J53: 15:29:00 | K53: 15:29:00 | L53: 15:29:00 | M53: 15:29:00 | N53: 15:29:00 | O53: 15:29:00 | P53: 15:29:00 | Q53: 15:29:00 | R53: 15:29:00 | S53: 15:29:00 | T53: 15:29:00 | U53: 15:29:00 | V53: 15:29:00 | W53: 15:29:00 | X53: 15:29:00 | Y53: 15:29:00 | Z53: 15:29:00 | AA53: 15:29:00 | AB53: 15:29:00 | AC53: 15:29:00 | AD53: 11:42:00 | AE53: 15:29:00 | AF53: 15:29:00 | AG53: 15:29:00 | AH53: 15:29:00 | AI53: 15:29:00 | AJ53: 0 | AK53: 0 | AL53: 0 | AM53: 15:29:00 | AN53: 15:29:00 | AO53: 15:29:00 | AP53: 15:29:00 | AQ53: 0 | AR53: 0 | AS53: 0 | AT53: 0 | AU53: 0 | AV53: 0 | AW53: 0 | AX53: 0 | AY53: 0 | AZ53: 0 | BA53: 0 | BB53: 0 | BC53: 0 | BD53: 0 | BE53: 0 | BF53: 0 | BG53: 0 | BH53: 0 | BI53: 0 | BJ53: 0 | BK53: 0 | BL53: 0 | BM53: 0 | BN53: 0 | BO53: 0 | BP53: 0 | BQ53: 0 | BR53: 0 | BS53: 0 | BT53: 0 | BU53: 15:29:00 | BV53: 15:29:00 | BW53: 15:29:00
A54: 45366 | B54: 15:29:00 | C54: 0 | D54: 0 | E54: 0 | F54: 0 | G54: 0 | H54: 0 | I54: 0 | J54: 0 | K54: 0 | L54: 0 | M54: 0 | N54: 0 | O54: 0 | P54: 0 | Q54: 0 | R54: 0 | S54: 0 | T54: 0 | U54: 0 | V54: 0 | W54: 0 | X54: 0 | Y54: 0 | Z54: 0 | AA54: 0 | AB54: 0 | AC54: 0 | AD54: 0 | AE54: 0 | AF54: 0 | AG54: 0 | AH54: 0 | AI54: 0 | AJ54: 0 | AK54: 0 | AL54: 0 | AM54: 15:29:00 | AN54: 15:29:00 | AO54: 15:29:00 | AP54: 15:29:00 | AQ54: 15:29:00 | AR54: 15:29:00 | AS54: 15:29:00 | AT54: 15:29:00 | AU54: 15:29:00 | AV54: 15:29:00 | AW54: 15:29:00 | AX54: 15:29:00 | AY54: 15:29:00 | AZ54: 15:29:00 | BA54: 15:29:00 | BB54: 15:29:00 | BC54: 15:29:00 | BD54: 15:29:00 | BE54: 15:29:00 | BF54: 15:29:00 | BG54: 15:29:00 | BH54: 15:29:00 | BI54: 15:29:00 | BJ54: 15:29:00 | BK54: 15:29:00 | BL54: 15:29:00 | BM54: 15:29:00 | BN54: 15:29:00 | BO54: 15:29:00 | BP54: 15:29:00 | BQ54: 15:29:00 | BR54: 15:29:00 | BS54: 15:29:00 | BT54: 15:29:00 | BU54: 0 | BV54: 0 | BW54: 0
A55: 45369 | B55: 15:29:00 | C55: 0 | D55: 0 | E55: 0 | F55: 0 | G55: 0 | H55: 0 | I55: 0 | J55: 0 | K55: 0 | L55: 0 | M55: 0 | N55: 0 | O55: 0 | P55: 0 | Q55: 0 | R55: 0 | S55: 0 | T55: 0 | U55: 0 | V55: 0 | W55: 0 | X55: 0 | Y55: 0 | Z55: 0 | AA55: 0 | AB55: 0 | AC55: 0 | AD55: 0 | AE55: 0 | AF55: 0 | AG55: 0 | AH55: 0 | AI55: 0 | AJ55: 0 | AK55: 0 | AL55: 0 | AM55: 15:29:00 | AN55: 0 | AO55: 0 | AP55: 0 | AQ55: 0 | AR55: 0 | AS55: 0 | AT55: 0 | AU55: 0 | AV55: 0 | AW55: 0 | AX55: 0 | AY55: 0 | AZ55: 0 | BA55: 0 | BB55: 0 | BC55: 0 | BD55: 0 | BE55: 0 | BF55: 0 | BG55: 0 | BH55: 0 | BI55: 0 | BJ55: 0 | BK55: 0 | BL55: 0 | BM55: 0 | BN55: 0 | BO55: 0 | BP55: 0 | BQ55: 0 | BR55: 0 | BS55: 0 | BT55: 0 | BU55: 0 | BV55: 0 | BW55: 0
A56: 45370 | B56: 15:29:00 | C56: 15:29:00 | D56: 15:29:00 | E56: 15:29:00 | F56: 0 | G56: 0 | H56: 0 | I56: 0 | J56: 0 | K56: 0 | L56: 0 | M56: 0 | N56: 0 | O56: 0 | P56: 0 | Q56: 0 | R56: 0 | S56: 0 | T56: 0 | U56: 0 | V56: 0 | W56: 0 | X56: 0 | Y56: 0 | Z56: 0 | AA56: 0 | AB56: 0 | AC56: 0 | AD56: 0 | AE56: 0 | AF56: 0 | AG56: 0 | AH56: 0 | AI56: 0 | AJ56: 15:29:00 | AK56: 15:29:00 | AL56: 15:29:00 | AM56: 15:29:00 | AN56: 0 | AO56: 0 | AP56: 0 | AQ56: 0 | AR56: 0 | AS56: 0 | AT56: 0 | AU56: 0 | AV56: 0 | AW56: 0 | AX56: 0 | AY56: 0 | AZ56: 0 | BA56: 0 | BB56: 0 | BC56: 0 | BD56: 0 | BE56: 0 | BF56: 0 | BG56: 0 | BH56: 0 | BI56: 0 | BJ56: 0 | BK56: 0 | BL56: 0 | BM56: 0 | BN56: 0 | BO56: 0 | BP56: 0 | BQ56: 0 | BR56: 0 | BS56: 0 | BT56: 0 | BU56: 0 | BV56: 0 | BW56: 0
A57: 45371 | B57: 15:29:00 | C57: 15:29:00 | D57: 15:29:00 | E57: 15:29:00 | F57: 0 | G57: 0 | H57: 0 | I57: 0 | J57: 0 | K57: 0 | L57: 0 | M57: 0 | N57: 0 | O57: 0 | P57: 0 | Q57: 0 | R57: 0 | S57: 0 | T57: 0 | U57: 0 | V57: 0 | W57: 0 | X57: 0 | Y57: 0 | Z57: 0 | AA57: 0 | AB57: 0 | AC57: 0 | AD57: 0 | AE57: 0 | AF57: 0 | AG57: 0 | AH57: 0 | AI57: 0 | AJ57: 15:29:00 | AK57: 15:29:00 | AL57: 15:29:00 | AM57: 15:29:00 | AN57: 0 | AO57: 0 | AP57: 0 | AQ57: 0 | AR57: 0 | AS57: 0 | AT57: 0 | AU57: 0 | AV57: 0 | AW57: 0 | AX57: 0 | AY57: 0 | AZ57: 0 | BA57: 0 | BB57: 0 | BC57: 0 | BD57: 0 | BE57: 0 | BF57: 0 | BG57: 0 | BH57: 0 | BI57: 0 | BJ57: 0 | BK57: 0 | BL57: 0 | BM57: 0 | BN57: 0 | BO57: 0 | BP57: 0 | BQ57: 0 | BR57: 0 | BS57: 0 | BT57: 0 | BU57: 0 | BV57: 0 | BW57: 0
A58: 45372 | B58: 15:29:00 | C58: 15:29:00 | D58: 15:29:00 | E58: 15:29:00 | F58: 15:29:00 | G58: 15:29:00 | H58: 15:29:00 | I58: 15:29:00 | J58: 15:29:00 | K58: 15:29:00 | L58: 15:29:00 | M58: 15:29:00 | N58: 15:29:00 | O58: 15:29:00 | P58: 15:29:00 | Q58: 15:29:00 | R58: 15:29:00 | S58: 15:29:00 | T58: 15:29:00 | U58: 15:29:00 | V58: 15:29:00 | W58: 15:29:00 | X58: 15:29:00 | Y58: 15:29:00 | Z58: 15:29:00 | AA58: 15:29:00 | AB58: 15:29:00 | AC58: 15:29:00 | AD58: 15:29:00 | AE58: 15:29:00 | AF58: 15:29:00 | AG58: 15:29:00 | AH58: 15:29:00 | AI58: 15:29:00 | AJ58: 0 | AK58: 0 | AL58: 0 | AM58: 15:29:00 | AN58: 15:29:00 | AO58: 15:29:00 | AP58: 15:29:00 | AQ58: 0 | AR58: 0 | AS58: 0 | AT58: 0 | AU58: 0 | AV58: 0 | AW58: 0 | AX58: 0 | AY58: 0 | AZ58: 0 | BA58: 0 | BB58: 0 | BC58: 0 | BD58: 0 | BE58: 0 | BF58: 0 | BG58: 0 | BH58: 0 | BI58: 0 | BJ58: 0 | BK58: 0 | BL58: 0 | BM58: 0 | BN58: 0 | BO58: 0 | BP58: 0 | BQ58: 0 | BR58: 0 | BS58: 0 | BT58: 0 | BU58: 15:29:00 | BV58: 15:29:00 | BW58: 15:29:00
A59: 45373 | B59: 15:29:00 | C59: 0 | D59: 0 | E59: 0 | F59: 0 | G59: 0 | H59: 0 | I59: 0 | J59: 0 | K59: 0 | L59: 0 | M59: 0 | N59: 0 | O59: 0 | P59: 0 | Q59: 0 | R59: 0 | S59: 0 | T59: 0 | U59: 0 | V59: 0 | W59: 0 | X59: 0 | Y59: 0 | Z59: 0 | AA59: 0 | AB59: 0 | AC59: 0 | AD59: 0 | AE59: 0 | AF59: 0 | AG59: 0 | AH59: 0 | AI59: 0 | AJ59: 0 | AK59: 0 | AL59: 0 | AM59: 15:29:00 | AN59: 15:29:00 | AO59: 15:29:00 | AP59: 15:29:00 | AQ59: 09:36:00 | AR59: 09:36:00 | AS59: 09:36:00 | AT59: 09:36:00 | AU59: 09:36:00 | AV59: 10:18:00 | AW59: 10:18:00 | AX59: 10:18:00 | AY59: 09:45:00 | AZ59: 10:18:00 | BA59: 09:37:00 | BB59: 09:36:00 | BC59: 09:36:00 | BD59: 09:36:00 | BE59: 09:36:00 | BF59: 10:18:00 | BG59: 09:53:00 | BH59: 09:53:00 | BI59: 09:53:00 | BJ59: 10:18:00 | BK59: 09:45:00 | BL59: 09:45:00 | BM59: 09:45:00 | BN59: 09:45:00 | BO59: 09:45:00 | BP59: 09:58:00 | BQ59: 09:59:00 | BR59: 09:59:00 | BS59: 09:59:00 | BT59: 15:29:00 | BU59: 0 | BV59: 0 | BW59: 0
A60: 45377 | B60: 15:29:00 | C60: 15:29:00 | D60: 15:29:00 | E60: 15:29:00 | F60: 0 | G60: 0 | H60: 0 | I60: 0 | J60: 0 | K60: 0 | L60: 0 | M60: 0 | N60: 0 | O60: 0 | P60: 0 | Q60: 0 | R60: 0 | S60: 0 | T60: 0 | U60: 0 | V60: 0 | W60: 0 | X60: 0 | Y60: 0 | Z60: 0 | AA60: 0 | AB60: 0 | AC60: 0 | AD60: 0 | AE60: 0 | AF60: 0 | AG60: 0 | AH60: 0 | AI60: 0 | AJ60: 15:29:00 | AK60: 15:29:00 | AL60: 15:29:00 | AM60: 15:29:00 | AN60: 0 | AO60: 0 | AP60: 0 | AQ60: 0 | AR60: 0 | AS60: 0 | AT60: 0 | AU60: 0 | AV60: 0 | AW60: 0 | AX60: 0 | AY60: 0 | AZ60: 0 | BA60: 0 | BB60: 0 | BC60: 0 | BD60: 0 | BE60: 0 | BF60: 0 | BG60: 0 | BH60: 0 | BI60: 0 | BJ60: 0 | BK60: 0 | BL60: 0 | BM60: 0 | BN60: 0 | BO60: 0 | BP60: 0 | BQ60: 0 | BR60: 0 | BS60: 0 | BT60: 0 | BU60: 0 | BV60: 0 | BW60: 0
A61: 45378 | B61: 15:29:00 | C61: 15:29:00 | D61: 15:29:00 | E61: 15:29:00 | F61: 0 | G61: 0 | H61: 0 | I61: 0 | J61: 0 | K61: 0 | L61: 0 | M61: 0 | N61: 0 | O61: 0 | P61: 0 | Q61: 0 | R61: 0 | S61: 0 | T61: 0 | U61: 0 | V61: 0 | W61: 0 | X61: 0 | Y61: 0 | Z61: 0 | AA61: 0 | AB61: 0 | AC61: 0 | AD61: 0 | AE61: 0 | AF61: 0 | AG61: 0 | AH61: 0 | AI61: 0 | AJ61: 15:29:00 | AK61: 15:29:00 | AL61: 15:29:00 | AM61: 15:29:00 | AN61: 15:29:00 | AO61: 15:29:00 | AP61: 15:29:00 | AQ61: 0 | AR61: 0 | AS61: 0 | AT61: 0 | AU61: 0 | AV61: 0 | AW61: 0 | AX61: 0 | AY61: 0 | AZ61: 0 | BA61: 0 | BB61: 0 | BC61: 0 | BD61: 0 | BE61: 0 | BF61: 0 | BG61: 0 | BH61: 0 | BI61: 0 | BJ61: 0 | BK61: 0 | BL61: 0 | BM61: 0 | BN61: 0 | BO61: 0 | BP61: 0 | BQ61: 0 | BR61: 0 | BS61: 0 | BT61: 0 | BU61: 15:29:00 | BV61: 15:29:00 | BW61: 15:29:00
A62: 45379 | B62: 15:29:00 | C62: 15:29:00 | D62: 15:29:00 | E62: 15:29:00 | F62: 09:48:00 | G62: 09:48:00 | H62: 09:48:00 | I62: 09:49:00 | J62: 10:37:00 | K62: 10:37:00 | L62: 15:29:00 | M62: 15:29:00 | N62: 15:29:00 | O62: 15:29:00 | P62: 09:48:00 | Q62: 09:48:00 | R62: 09:48:00 | S62: 09:49:00 | T62: 10:37:00 | U62: 10:37:00 | V62: 15:29:00 | W62: 15:29:00 | X62: 15:29:00 | Y62: 15:29:00 | Z62: 09:51:00 | AA62: 09:51:00 | AB62: 09:51:00 | AC62: 09:51:00 | AD62: 12:36:00 | AE62: 12:36:00 | AF62: 12:36:00 | AG62: 12:36:00 | AH62: 12:36:00 | AI62: 12:36:00 | AJ62: 0 | AK62: 0 | AL62: 0 | AM62: 15:29:00 | AN62: 15:29:00 | AO62: 15:29:00 | AP62: 15:29:00 | AQ62: 10:37:00 | AR62: 09:49:00 | AS62: 09:51:00 | AT62: 15:29:00 | AU62: 11:55:00 | AV62: 11:55:00 | AW62: 11:55:00 | AX62: 11:55:00 | AY62: 10:40:00 | AZ62: 15:29:00 | BA62: 10:37:00 | BB62: 09:49:00 | BC62: 09:51:00 | BD62: 10:38:00 | BE62: 11:55:00 | BF62: 11:55:00 | BG62: 11:55:00 | BH62: 11:55:00 | BI62: 10:38:00 | BJ62: 11:01:00 | BK62: 15:29:00 | BL62: 09:51:00 | BM62: 10:40:00 | BN62: 11:55:00 | BO62: 11:55:00 | BP62: 11:55:00 | BQ62: 11:55:00 | BR62: 11:55:00 | BS62: 11:55:00 | BT62: 11:55:00 | BU62: 0 | BV62: 0 | BW62: 0
A63: 45383 | B63: 15:29:00 | C63: 0 | D63: 0 | E63: 0 | F63: 0 | G63: 0 | H63: 0 | I63: 0 | J63: 0 | K63: 0 | L63: 0 | M63: 0 | N63: 0 | O63: 0 | P63: 0 | Q63: 0 | R63: 0 | S63: 0 | T63: 0 | U63: 0 | V63: 0 | W63: 0 | X63: 0 | Y63: 0 | Z63: 0 | AA63: 0 | AB63: 0 | AC63: 0 | AD63: 0 | AE63: 0 | AF63: 0 | AG63: 0 | AH63: 0 | AI63: 0 | AJ63: 0 | AK63: 0 | AL63: 0 | AM63: 15:29:00 | AN63: 0 | AO63: 0 | AP63: 0 | AQ63: 0 | AR63: 0 | AS63: 0 | AT63: 0 | AU63: 0 | AV63: 0 | AW63: 0 | AX63: 0 | AY63: 0 | AZ63: 0 | BA63: 0 | BB63: 0 | BC63: 0 | BD63: 0 | BE63: 0 | BF63: 0 | BG63: 0 | BH63: 0 | BI63: 0 | BJ63: 0 | BK63: 0 | BL63: 0 | BM63: 0 | BN63: 0 | BO63: 0 | BP63: 0 | BQ63: 0 | BR63: 0 | BS63: 0 | BT63: 0 | BU63: 0 | BV63: 0 | BW63: 0
A64: 45384 | B64: 15:29:00 | C64: 15:29:00 | D64: 15:29:00 | E64: 15:29:00 | F64: 0 | G64: 0 | H64: 0 | I64: 0 | J64: 0 | K64: 0 | L64: 0 | M64: 0 | N64: 0 | O64: 0 | P64: 0 | Q64: 0 | R64: 0 | S64: 0 | T64: 0 | U64: 0 | V64: 0 | W64: 0 | X64: 0 | Y64: 0 | Z64: 0 | AA64: 0 | AB64: 0 | AC64: 0 | AD64: 0 | AE64: 0 | AF64: 0 | AG64: 0 | AH64: 0 | AI64: 0 | AJ64: 15:29:00 | AK64: 15:29:00 | AL64: 15:29:00 | AM64: 15:29:00 | AN64: 0 | AO64: 0 | AP64: 0 | AQ64: 0 | AR64: 0 | AS64: 0 | AT64: 0 | AU64: 0 | AV64: 0 | AW64: 0 | AX64: 0 | AY64: 0 | AZ64: 0 | BA64: 0 | BB64: 0 | BC64: 0 | BD64: 0 | BE64: 0 | BF64: 0 | BG64: 0 | BH64: 0 | BI64: 0 | BJ64: 0 | BK64: 0 | BL64: 0 | BM64: 0 | BN64: 0 | BO64: 0 | BP64: 0 | BQ64: 0 | BR64: 0 | BS64: 0 | BT64: 0 | BU64: 0 | BV64: 0 | BW64: 0
A65: 45385 | B65: 15:29:00 | C65: 15:29:00 | D65: 15:29:00 | E65: 15:29:00 | F65: 0 | G65: 0 | H65: 0 | I65: 0 | J65: 0 | K65: 0 | L65: 0 | M65: 0 | N65: 0 | O65: 0 | P65: 0 | Q65: 0 | R65: 0 | S65: 0 | T65: 0 | U65: 0 | V65: 0 | W65: 0 | X65: 0 | Y65: 0 | Z65: 0 | AA65: 0 | AB65: 0 | AC65: 0 | AD65: 0 | AE65: 0 | AF65: 0 | AG65: 0 | AH65: 0 | AI65: 0 | AJ65: 15:29:00 | AK65: 15:29:00 | AL65: 15:29:00 | AM65: 15:29:00 | AN65: 0 | AO65: 0 | AP65: 0 | AQ65: 0 | AR65: 0 | AS65: 0 | AT65: 0 | AU65: 0 | AV65: 0 | AW65: 0 | AX65: 0 | AY65: 0 | AZ65: 0 | BA65: 0 | BB65: 0 | BC65: 0 | BD65: 0 | BE65: 0 | BF65: 0 | BG65: 0 | BH65: 0 | BI65: 0 | BJ65: 0 | BK65: 0 | BL65: 0 | BM65: 0 | BN65: 0 | BO65: 0 | BP65: 0 | BQ65: 0 | BR65: 0 | BS65: 0 | BT65: 0 | BU65: 0 | BV65: 0 | BW65: 0
A66: 45386 | B66: 15:29:00 | C66: 15:29:00 | D66: 15:29:00 | E66: 15:29:00 | F66: 09:54:00 | G66: 09:54:00 | H66: 09:53:00 | I66: 15:29:00 | J66: 09:53:00 | K66: 09:53:00 | L66: 09:55:00 | M66: 09:55:00 | N66: 09:55:00 | O66: 09:55:00 | P66: 09:54:00 | Q66: 09:54:00 | R66: 09:53:00 | S66: 15:29:00 | T66: 09:53:00 | U66: 09:53:00 | V66: 09:55:00 | W66: 09:55:00 | X66: 09:55:00 | Y66: 09:55:00 | Z66: 09:55:00 | AA66: 09:55:00 | AB66: 09:55:00 | AC66: 10:53:00 | AD66: 09:55:00 | AE66: 09:55:00 | AF66: 10:53:00 | AG66: 10:53:00 | AH66: 10:53:00 | AI66: 15:29:00 | AJ66: 0 | AK66: 0 | AL66: 0 | AM66: 15:29:00 | AN66: 15:29:00 | AO66: 15:29:00 | AP66: 15:29:00 | AQ66: 0 | AR66: 0 | AS66: 0 | AT66: 0 | AU66: 0 | AV66: 0 | AW66: 0 | AX66: 0 | AY66: 0 | AZ66: 0 | BA66: 0 | BB66: 0 | BC66: 0 | BD66: 0 | BE66: 0 | BF66: 0 | BG66: 0 | BH66: 0 | BI66: 0 | BJ66: 0 | BK66: 0 | BL66: 0 | BM66: 0 | BN66: 0 | BO66: 0 | BP66: 0 | BQ66: 0 | BR66: 0 | BS66: 0 | BT66: 0 | BU66: 10:52:00 | BV66: 09:54:00 | BW66: 10:52:00
A67: 45387 | B67: 15:29:00 | C67: 0 | D67: 0 | E67: 0 | F67: 0 | G67: 0 | H67: 0 | I67: 0 | J67: 0 | K67: 0 | L67: 0 | M67: 0 | N67: 0 | O67: 0 | P67: 0 | Q67: 0 | R67: 0 | S67: 0 | T67: 0 | U67: 0 | V67: 0 | W67: 0 | X67: 0 | Y67: 0 | Z67: 0 | AA67: 0 | AB67: 0 | AC67: 0 | AD67: 0 | AE67: 0 | AF67: 0 | AG67: 0 | AH67: 0 | AI67: 0 | AJ67: 0 | AK67: 0 | AL67: 0 | AM67: 15:29:00 | AN67: 15:29:00 | AO67: 15:29:00 | AP67: 15:29:00 | AQ67: 15:29:00 | AR67: 15:29:00 | AS67: 15:29:00 | AT67: 15:29:00 | AU67: 15:29:00 | AV67: 15:29:00 | AW67: 15:29:00 | AX67: 15:29:00 | AY67: 15:29:00 | AZ67: 15:29:00 | BA67: 15:29:00 | BB67: 15:29:00 | BC67: 15:29:00 | BD67: 15:29:00 | BE67: 15:29:00 | BF67: 15:29:00 | BG67: 15:29:00 | BH67: 15:29:00 | BI67: 15:29:00 | BJ67: 15:29:00 | BK67: 15:29:00 | BL67: 15:29:00 | BM67: 15:29:00 | BN67: 15:29:00 | BO67: 15:29:00 | BP67: 15:29:00 | BQ67: 15:29:00 | BR67: 15:29:00 | BS67: 15:29:00 | BT67: 15:29:00 | BU67: 0 | BV67: 0 | BW67: 0
A68: 45390 | B68: 15:29:00 | C68: 15:29:00 | D68: 15:29:00 | E68: 15:29:00 | F68: 0 | G68: 0 | H68: 0 | I68: 0 | J68: 0 | K68: 0 | L68: 0 | M68: 0 | N68: 0 | O68: 0 | P68: 0 | Q68: 0 | R68: 0 | S68: 0 | T68: 0 | U68: 0 | V68: 0 | W68: 0 | X68: 0 | Y68: 0 | Z68: 0 | AA68: 0 | AB68: 0 | AC68: 0 | AD68: 0 | AE68: 0 | AF68: 0 | AG68: 0 | AH68: 0 | AI68: 0 | AJ68: 15:29:00 | AK68: 15:29:00 | AL68: 15:29:00 | AM68: 15:29:00 | AN68: 0 | AO68: 0 | AP68: 0 | AQ68: 0 | AR68: 0 | AS68: 0 | AT68: 0 | AU68: 0 | AV68: 0 | AW68: 0 | AX68: 0 | AY68: 0 | AZ68: 0 | BA68: 0 | BB68: 0 | BC68: 0 | BD68: 0 | BE68: 0 | BF68: 0 | BG68: 0 | BH68: 0 | BI68: 0 | BJ68: 0 | BK68: 0 | BL68: 0 | BM68: 0 | BN68: 0 | BO68: 0 | BP68: 0 | BQ68: 0 | BR68: 0 | BS68: 0 | BT68: 0 | BU68: 0 | BV68: 0 | BW68: 0
A69: 45391 | B69: 15:29:00 | C69: 15:29:00 | D69: 15:29:00 | E69: 15:29:00 | F69: 0 | G69: 0 | H69: 0 | I69: 0 | J69: 0 | K69: 0 | L69: 0 | M69: 0 | N69: 0 | O69: 0 | P69: 0 | Q69: 0 | R69: 0 | S69: 0 | T69: 0 | U69: 0 | V69: 0 | W69: 0 | X69: 0 | Y69: 0 | Z69: 0 | AA69: 0 | AB69: 0 | AC69: 0 | AD69: 0 | AE69: 0 | AF69: 0 | AG69: 0 | AH69: 0 | AI69: 0 | AJ69: 15:29:00 | AK69: 15:29:00 | AL69: 15:29:00 | AM69: 15:29:00 | AN69: 0 | AO69: 0 | AP69: 0 | AQ69: 0 | AR69: 0 | AS69: 0 | AT69: 0 | AU69: 0 | AV69: 0 | AW69: 0 | AX69: 0 | AY69: 0 | AZ69: 0 | BA69: 0 | BB69: 0 | BC69: 0 | BD69: 0 | BE69: 0 | BF69: 0 | BG69: 0 | BH69: 0 | BI69: 0 | BJ69: 0 | BK69: 0 | BL69: 0 | BM69: 0 | BN69: 0 | BO69: 0 | BP69: 0 | BQ69: 0 | BR69: 0 | BS69: 0 | BT69: 0 | BU69: 0 | BV69: 0 | BW69: 0
A70: 45392 | B70: 15:29:00 | C70: 15:29:00 | D70: 15:29:00 | E70: 15:29:00 | F70: 15:29:00 | G70: 15:29:00 | H70: 15:29:00 | I70: 15:29:00 | J70: 15:29:00 | K70: 15:29:00 | L70: 15:29:00 | M70: 15:29:00 | N70: 15:29:00 | O70: 15:29:00 | P70: 15:29:00 | Q70: 15:29:00 | R70: 15:29:00 | S70: 15:29:00 | T70: 15:29:00 | U70: 15:29:00 | V70: 15:29:00 | W70: 15:29:00 | X70: 15:29:00 | Y70: 15:29:00 | Z70: 15:29:00 | AA70: 15:29:00 | AB70: 15:29:00 | AC70: 15:29:00 | AD70: 15:29:00 | AE70: 15:29:00 | AF70: 15:29:00 | AG70: 15:29:00 | AH70: 15:29:00 | AI70: 15:29:00 | AJ70: 0 | AK70: 0 | AL70: 0 | AM70: 15:29:00 | AN70: 15:29:00 | AO70: 15:29:00 | AP70: 15:29:00 | AQ70: 0 | AR70: 0 | AS70: 0 | AT70: 0 | AU70: 0 | AV70: 0 | AW70: 0 | AX70: 0 | AY70: 0 | AZ70: 0 | BA70: 0 | BB70: 0 | BC70: 0 | BD70: 0 | BE70: 0 | BF70: 0 | BG70: 0 | BH70: 0 | BI70: 0 | BJ70: 0 | BK70: 0 | BL70: 0 | BM70: 0 | BN70: 0 | BO70: 0 | BP70: 0 | BQ70: 0 | BR70: 0 | BS70: 0 | BT70: 0 | BU70: 15:29:00 | BV70: 15:29:00 | BW70: 15:29:00
A71: 45394 | B71: 15:29:00 | C71: 0 | D71: 0 | E71: 0 | F71: 0 | G71: 0 | H71: 0 | I71: 0 | J71: 0 | K71: 0 | L71: 0 | M71: 0 | N71: 0 | O71: 0 | P71: 0 | Q71: 0 | R71: 0 | S71: 0 | T71: 0 | U71: 0 | V71: 0 | W71: 0 | X71: 0 | Y71: 0 | Z71: 0 | AA71: 0 | AB71: 0 | AC71: 0 | AD71: 0 | AE71: 0 | AF71: 0 | AG71: 0 | AH71: 0 | AI71: 0 | AJ71: 0 | AK71: 0 | AL71: 0 | AM71: 15:29:00 | AN71: 15:29:00 | AO71: 15:29:00 | AP71: 12:20:00 | AQ71: 12:16:00 | AR71: 09:44:00 | AS71: 09:44:00 | AT71: 09:44:00 | AU71: 09:44:00 | AV71: 09:44:00 | AW71: 12:16:00 | AX71: 09:44:00 | AY71: 09:44:00 | AZ71: 09:44:00 | BA71: 12:16:00 | BB71: 09:44:00 | BC71: 12:16:00 | BD71: 12:16:00 | BE71: 12:16:00 | BF71: 12:16:00 | BG71: 12:16:00 | BH71: 09:44:00 | BI71: 09:44:00 | BJ71: 09:44:00 | BK71: 12:16:00 | BL71: 12:16:00 | BM71: 12:16:00 | BN71: 12:16:00 | BO71: 12:16:00 | BP71: 12:16:00 | BQ71: 09:44:00 | BR71: 12:16:00 | BS71: 09:44:00 | BT71: 09:44:00 | BU71: 0 | BV71: 0 | BW71: 0
A72: 45397 | B72: 15:29:00 | C72: 15:29:00 | D72: 15:29:00 | E72: 15:29:00 | F72: 0 | G72: 0 | H72: 0 | I72: 0 | J72: 0 | K72: 0 | L72: 0 | M72: 0 | N72: 0 | O72: 0 | P72: 0 | Q72: 0 | R72: 0 | S72: 0 | T72: 0 | U72: 0 | V72: 0 | W72: 0 | X72: 0 | Y72: 0 | Z72: 0 | AA72: 0 | AB72: 0 | AC72: 0 | AD72: 0 | AE72: 0 | AF72: 0 | AG72: 0 | AH72: 0 | AI72: 0 | AJ72: 15:29:00 | AK72: 15:29:00 | AL72: 15:29:00 | AM72: 15:29:00 | AN72: 0 | AO72: 0 | AP72: 0 | AQ72: 0 | AR72: 0 | AS72: 0 | AT72: 0 | AU72: 0 | AV72: 0 | AW72: 0 | AX72: 0 | AY72: 0 | AZ72: 0 | BA72: 0 | BB72: 0 | BC72: 0 | BD72: 0 | BE72: 0 | BF72: 0 | BG72: 0 | BH72: 0 | BI72: 0 | BJ72: 0 | BK72: 0 | BL72: 0 | BM72: 0 | BN72: 0 | BO72: 0 | BP72: 0 | BQ72: 0 | BR72: 0 | BS72: 0 | BT72: 0 | BU72: 0 | BV72: 0 | BW72: 0
A73: 45398 | B73: 15:29:00 | C73: 15:29:00 | D73: 15:29:00 | E73: 15:29:00 | F73: 0 | G73: 0 | H73: 0 | I73: 0 | J73: 0 | K73: 0 | L73: 0 | M73: 0 | N73: 0 | O73: 0 | P73: 0 | Q73: 0 | R73: 0 | S73: 0 | T73: 0 | U73: 0 | V73: 0 | W73: 0 | X73: 0 | Y73: 0 | Z73: 0 | AA73: 0 | AB73: 0 | AC73: 0 | AD73: 0 | AE73: 0 | AF73: 0 | AG73: 0 | AH73: 0 | AI73: 0 | AJ73: 15:29:00 | AK73: 15:29:00 | AL73: 15:29:00 | AM73: 15:29:00 | AN73: 0 | AO73: 0 | AP73: 0 | AQ73: 0 | AR73: 0 | AS73: 0 | AT73: 0 | AU73: 0 | AV73: 0 | AW73: 0 | AX73: 0 | AY73: 0 | AZ73: 0 | BA73: 0 | BB73: 0 | BC73: 0 | BD73: 0 | BE73: 0 | BF73: 0 | BG73: 0 | BH73: 0 | BI73: 0 | BJ73: 0 | BK73: 0 | BL73: 0 | BM73: 0 | BN73: 0 | BO73: 0 | BP73: 0 | BQ73: 0 | BR73: 0 | BS73: 0 | BT73: 0 | BU73: 0 | BV73: 0 | BW73: 0
A74: 45400 | B74: 15:29:00 | C74: 13:28:00 | D74: 13:26:00 | E74: 13:26:00 | F74: 13:26:00 | G74: 15:29:00 | H74: 15:29:00 | I74: 13:26:00 | J74: 15:29:00 | K74: 13:26:00 | L74: 15:29:00 | M74: 13:26:00 | N74: 15:29:00 | O74: 15:29:00 | P74: 13:26:00 | Q74: 15:29:00 | R74: 15:29:00 | S74: 13:26:00 | T74: 15:29:00 | U74: 13:26:00 | V74: 15:29:00 | W74: 13:26:00 | X74: 15:29:00 | Y74: 15:29:00 | Z74: 12:18:00 | AA74: 11:10:00 | AB74: 12:18:00 | AC74: 12:18:00 | AD74: 11:10:00 | AE74: 12:18:00 | AF74: 11:10:00 | AG74: 12:19:00 | AH74: 12:18:00 | AI74: 12:18:00 | AJ74: 0 | AK74: 0 | AL74: 0 | AM74: 15:29:00 | AN74: 15:29:00 | AO74: 15:29:00 | AP74: 13:32:00 | AQ74: 0 | AR74: 0 | AS74: 0 | AT74: 0 | AU74: 0 | AV74: 0 | AW74: 0 | AX74: 0 | AY74: 0 | AZ74: 0 | BA74: 0 | BB74: 0 | BC74: 0 | BD74: 0 | BE74: 0 | BF74: 0 | BG74: 0 | BH74: 0 | BI74: 0 | BJ74: 0 | BK74: 0 | BL74: 0 | BM74: 0 | BN74: 0 | BO74: 0 | BP74: 0 | BQ74: 0 | BR74: 0 | BS74: 0 | BT74: 0 | BU74: 15:29:00 | BV74: 13:41:00 | BW74: 13:44:00
A75: 45401 | B75: 15:29:00 | C75: 0 | D75: 0 | E75: 0 | F75: 0 | G75: 0 | H75: 0 | I75: 0 | J75: 0 | K75: 0 | L75: 0 | M75: 0 | N75: 0 | O75: 0 | P75: 0 | Q75: 0 | R75: 0 | S75: 0 | T75: 0 | U75: 0 | V75: 0 | W75: 0 | X75: 0 | Y75: 0 | Z75: 0 | AA75: 0 | AB75: 0 | AC75: 0 | AD75: 0 | AE75: 0 | AF75: 0 | AG75: 0 | AH75: 0 | AI75: 0 | AJ75: 0 | AK75: 0 | AL75: 0 | AM75: 15:29:00 | AN75: 15:29:00 | AO75: 15:29:00 | AP75: 15:29:00 | AQ75: 15:29:00 | AR75: 09:25:00 | AS75: 15:29:00 | AT75: 15:29:00 | AU75: 15:29:00 | AV75: 15:29:00 | AW75: 15:29:00 | AX75: 15:29:00 | AY75: 15:29:00 | AZ75: 13:54:00 | BA75: 13:04:00 | BB75: 13:52:00 | BC75: 15:29:00 | BD75: 13:52:00 | BE75: 15:29:00 | BF75: 15:29:00 | BG75: 15:29:00 | BH75: 15:29:00 | BI75: 15:29:00 | BJ75: 15:29:00 | BK75: 15:29:00 | BL75: 15:29:00 | BM75: 12:40:00 | BN75: 15:29:00 | BO75: 15:29:00 | BP75: 15:29:00 | BQ75: 15:29:00 | BR75: 15:29:00 | BS75: 15:29:00 | BT75: 15:29:00 | BU75: 0 | BV75: 0 | BW75: 0
A76: 45404 | B76: 15:29:00 | C76: 0 | D76: 0 | E76: 0 | F76: 0 | G76: 0 | H76: 0 | I76: 0 | J76: 0 | K76: 0 | L76: 0 | M76: 0 | N76: 0 | O76: 0 | P76: 0 | Q76: 0 | R76: 0 | S76: 0 | T76: 0 | U76: 0 | V76: 0 | W76: 0 | X76: 0 | Y76: 0 | Z76: 0 | AA76: 0 | AB76: 0 | AC76: 0 | AD76: 0 | AE76: 0 | AF76: 0 | AG76: 0 | AH76: 0 | AI76: 0 | AJ76: 0 | AK76: 0 | AL76: 0 | AM76: 15:29:00 | AN76: 0 | AO76: 0 | AP76: 0 | AQ76: 0 | AR76: 0 | AS76: 0 | AT76: 0 | AU76: 0 | AV76: 0 | AW76: 0 | AX76: 0 | AY76: 0 | AZ76: 0 | BA76: 0 | BB76: 0 | BC76: 0 | BD76: 0 | BE76: 0 | BF76: 0 | BG76: 0 | BH76: 0 | BI76: 0 | BJ76: 0 | BK76: 0 | BL76: 0 | BM76: 0 | BN76: 0 | BO76: 0 | BP76: 0 | BQ76: 0 | BR76: 0 | BS76: 0 | BT76: 0 | BU76: 0 | BV76: 0 | BW76: 0
A77: 45405 | B77: 15:29:00 | C77: 15:29:00 | D77: 15:29:00 | E77: 15:29:00 | F77: 0 | G77: 0 | H77: 0 | I77: 0 | J77: 0 | K77: 0 | L77: 0 | M77: 0 | N77: 0 | O77: 0 | P77: 0 | Q77: 0 | R77: 0 | S77: 0 | T77: 0 | U77: 0 | V77: 0 | W77: 0 | X77: 0 | Y77: 0 | Z77: 0 | AA77: 0 | AB77: 0 | AC77: 0 | AD77: 0 | AE77: 0 | AF77: 0 | AG77: 0 | AH77: 0 | AI77: 0 | AJ77: 15:29:00 | AK77: 15:29:00 | AL77: 15:29:00 | AM77: 15:29:00 | AN77: 0 | AO77: 0 | AP77: 0 | AQ77: 0 | AR77: 0 | AS77: 0 | AT77: 0 | AU77: 0 | AV77: 0 | AW77: 0 | AX77: 0 | AY77: 0 | AZ77: 0 | BA77: 0 | BB77: 0 | BC77: 0 | BD77: 0 | BE77: 0 | BF77: 0 | BG77: 0 | BH77: 0 | BI77: 0 | BJ77: 0 | BK77: 0 | BL77: 0 | BM77: 0 | BN77: 0 | BO77: 0 | BP77: 0 | BQ77: 0 | BR77: 0 | BS77: 0 | BT77: 0 | BU77: 0 | BV77: 0 | BW77: 0
A78: 45406 | B78: 15:29:00 | C78: 15:29:00 | D78: 15:29:00 | E78: 15:29:00 | F78: 0 | G78: 0 | H78: 0 | I78: 0 | J78: 0 | K78: 0 | L78: 0 | M78: 0 | N78: 0 | O78: 0 | P78: 0 | Q78: 0 | R78: 0 | S78: 0 | T78: 0 | U78: 0 | V78: 0 | W78: 0 | X78: 0 | Y78: 0 | Z78: 0 | AA78: 0 | AB78: 0 | AC78: 0 | AD78: 0 | AE78: 0 | AF78: 0 | AG78: 0 | AH78: 0 | AI78: 0 | AJ78: 15:29:00 | AK78: 15:29:00 | AL78: 15:29:00 | AM78: 15:29:00 | AN78: 0 | AO78: 0 | AP78: 0 | AQ78: 0 | AR78: 0 | AS78: 0 | AT78: 0 | AU78: 0 | AV78: 0 | AW78: 0 | AX78: 0 | AY78: 0 | AZ78: 0 | BA78: 0 | BB78: 0 | BC78: 0 | BD78: 0 | BE78: 0 | BF78: 0 | BG78: 0 | BH78: 0 | BI78: 0 | BJ78: 0 | BK78: 0 | BL78: 0 | BM78: 0 | BN78: 0 | BO78: 0 | BP78: 0 | BQ78: 0 | BR78: 0 | BS78: 0 | BT78: 0 | BU78: 0 | BV78: 0 | BW78: 0
A79: 45407 | B79: 15:29:00 | C79: 15:29:00 | D79: 11:21:00 | E79: 11:21:00 | F79: 10:51:00 | G79: 10:51:00 | H79: 10:51:00 | I79: 12:59:00 | J79: 12:59:00 | K79: 13:49:00 | L79: 13:49:00 | M79: 13:49:00 | N79: 12:59:00 | O79: 13:49:00 | P79: 10:51:00 | Q79: 10:51:00 | R79: 10:51:00 | S79: 12:59:00 | T79: 12:59:00 | U79: 13:49:00 | V79: 13:49:00 | W79: 13:49:00 | X79: 12:59:00 | Y79: 13:49:00 | Z79: 12:59:00 | AA79: 12:59:00 | AB79: 12:59:00 | AC79: 12:59:00 | AD79: 12:59:00 | AE79: 12:59:00 | AF79: 11:14:00 | AG79: 12:59:00 | AH79: 12:59:00 | AI79: 12:59:00 | AJ79: 0 | AK79: 0 | AL79: 0 | AM79: 15:29:00 | AN79: 15:29:00 | AO79: 15:29:00 | AP79: 15:29:00 | AQ79: 0 | AR79: 0 | AS79: 0 | AT79: 0 | AU79: 0 | AV79: 0 | AW79: 0 | AX79: 0 | AY79: 0 | AZ79: 0 | BA79: 0 | BB79: 0 | BC79: 0 | BD79: 0 | BE79: 0 | BF79: 0 | BG79: 0 | BH79: 0 | BI79: 0 | BJ79: 0 | BK79: 0 | BL79: 0 | BM79: 0 | BN79: 0 | BO79: 0 | BP79: 0 | BQ79: 0 | BR79: 0 | BS79: 0 | BT79: 0 | BU79: 15:29:00 | BV79: 10:17:00 | BW79: 15:29:00
A80: 45408 | B80: 15:29:00 | C80: 0 | D80: 0 | E80: 0 | F80: 0 | G80: 0 | H80: 0 | I80: 0 | J80: 0 | K80: 0 | L80: 0 | M80: 0 | N80: 0 | O80: 0 | P80: 0 | Q80: 0 | R80: 0 | S80: 0 | T80: 0 | U80: 0 | V80: 0 | W80: 0 | X80: 0 | Y80: 0 | Z80: 0 | AA80: 0 | AB80: 0 | AC80: 0 | AD80: 0 | AE80: 0 | AF80: 0 | AG80: 0 | AH80: 0 | AI80: 0 | AJ80: 0 | AK80: 0 | AL80: 0 | AM80: 15:29:00 | AN80: 15:29:00 | AO80: 15:29:00 | AP80: 15:29:00 | AQ80: 15:29:00 | AR80: 15:29:00 | AS80: 15:29:00 | AT80: 15:29:00 | AU80: 15:29:00 | AV80: 15:29:00 | AW80: 15:29:00 | AX80: 15:29:00 | AY80: 15:29:00 | AZ80: 15:29:00 | BA80: 15:29:00 | BB80: 15:29:00 | BC80: 15:29:00 | BD80: 15:29:00 | BE80: 15:29:00 | BF80: 15:29:00 | BG80: 15:29:00 | BH80: 15:29:00 | BI80: 15:29:00 | BJ80: 15:29:00 | BK80: 15:29:00 | BL80: 15:29:00 | BM80: 15:29:00 | BN80: 15:29:00 | BO80: 15:29:00 | BP80: 15:29:00 | BQ80: 15:29:00 | BR80: 15:29:00 | BS80: 15:29:00 | BT80: 15:29:00 | BU80: 0 | BV80: 0 | BW80: 0
A81: 45411 | B81: 15:29:00 | C81: 15:29:00 | D81: 15:29:00 | E81: 15:29:00 | F81: 0 | G81: 0 | H81: 0 | I81: 0 | J81: 0 | K81: 0 | L81: 0 | M81: 0 | N81: 0 | O81: 0 | P81: 0 | Q81: 0 | R81: 0 | S81: 0 | T81: 0 | U81: 0 | V81: 0 | W81: 0 | X81: 0 | Y81: 0 | Z81: 0 | AA81: 0 | AB81: 0 | AC81: 0 | AD81: 0 | AE81: 0 | AF81: 0 | AG81: 0 | AH81: 0 | AI81: 0 | AJ81: 15:29:00 | AK81: 15:29:00 | AL81: 15:29:00 | AM81: 15:29:00 | AN81: 0 | AO81: 0 | AP81: 0 | AQ81: 0 | AR81: 0 | AS81: 0 | AT81: 0 | AU81: 0 | AV81: 0 | AW81: 0 | AX81: 0 | AY81: 0 | AZ81: 0 | BA81: 0 | BB81: 0 | BC81: 0 | BD81: 0 | BE81: 0 | BF81: 0 | BG81: 0 | BH81: 0 | BI81: 0 | BJ81: 0 | BK81: 0 | BL81: 0 | BM81: 0 | BN81: 0 | BO81: 0 | BP81: 0 | BQ81: 0 | BR81: 0 | BS81: 0 | BT81: 0 | BU81: 0 | BV81: 0 | BW81: 0
A82: 45412 | B82: 15:29:00 | C82: 15:29:00 | D82: 15:29:00 | E82: 15:29:00 | F82: 0 | G82: 0 | H82: 0 | I82: 0 | J82: 0 | K82: 0 | L82: 0 | M82: 0 | N82: 0 | O82: 0 | P82: 0 | Q82: 0 | R82: 0 | S82: 0 | T82: 0 | U82: 0 | V82: 0 | W82: 0 | X82: 0 | Y82: 0 | Z82: 0 | AA82: 0 | AB82: 0 | AC82: 0 | AD82: 0 | AE82: 0 | AF82: 0 | AG82: 0 | AH82: 0 | AI82: 0 | AJ82: 15:29:00 | AK82: 15:29:00 | AL82: 15:29:00 | AM82: 15:29:00 | AN82: 0 | AO82: 0 | AP82: 0 | AQ82: 0 | AR82: 0 | AS82: 0 | AT82: 0 | AU82: 0 | AV82: 0 | AW82: 0 | AX82: 0 | AY82: 0 | AZ82: 0 | BA82: 0 | BB82: 0 | BC82: 0 | BD82: 0 | BE82: 0 | BF82: 0 | BG82: 0 | BH82: 0 | BI82: 0 | BJ82: 0 | BK82: 0 | BL82: 0 | BM82: 0 | BN82: 0 | BO82: 0 | BP82: 0 | BQ82: 0 | BR82: 0 | BS82: 0 | BT82: 0 | BU82: 0 | BV82: 0 | BW82: 0
A83: 45414 | B83: 15:29:00 | C83: 15:29:00 | D83: 15:29:00 | E83: 15:29:00 | F83: 15:29:00 | G83: 15:29:00 | H83: 15:29:00 | I83: 15:29:00 | J83: 15:29:00 | K83: 15:29:00 | L83: 15:29:00 | M83: 15:29:00 | N83: 15:29:00 | O83: 15:29:00 | P83: 15:29:00 | Q83: 15:29:00 | R83: 15:29:00 | S83: 15:29:00 | T83: 15:29:00 | U83: 15:29:00 | V83: 15:29:00 | W83: 15:29:00 | X83: 15:29:00 | Y83: 15:29:00 | Z83: 15:29:00 | AA83: 15:29:00 | AB83: 15:29:00 | AC83: 15:29:00 | AD83: 15:29:00 | AE83: 15:29:00 | AF83: 15:29:00 | AG83: 15:29:00 | AH83: 15:29:00 | AI83: 15:29:00 | AJ83: 0 | AK83: 0 | AL83: 0 | AM83: 15:29:00 | AN83: 15:29:00 | AO83: 15:29:00 | AP83: 15:29:00 | AQ83: 0 | AR83: 0 | AS83: 0 | AT83: 0 | AU83: 0 | AV83: 0 | AW83: 0 | AX83: 0 | AY83: 0 | AZ83: 0 | BA83: 0 | BB83: 0 | BC83: 0 | BD83: 0 | BE83: 0 | BF83: 0 | BG83: 0 | BH83: 0 | BI83: 0 | BJ83: 0 | BK83: 0 | BL83: 0 | BM83: 0 | BN83: 0 | BO83: 0 | BP83: 0 | BQ83: 0 | BR83: 0 | BS83: 0 | BT83: 0 | BU83: 15:29:00 | BV83: 15:29:00 | BW83: 15:29:00
A84: 45415 | B84: 15:29:00 | C84: 0 | D84: 0 | E84: 0 | F84: 0 | G84: 0 | H84: 0 | I84: 0 | J84: 0 | K84: 0 | L84: 0 | M84: 0 | N84: 0 | O84: 0 | P84: 0 | Q84: 0 | R84: 0 | S84: 0 | T84: 0 | U84: 0 | V84: 0 | W84: 0 | X84: 0 | Y84: 0 | Z84: 0 | AA84: 0 | AB84: 0 | AC84: 0 | AD84: 0 | AE84: 0 | AF84: 0 | AG84: 0 | AH84: 0 | AI84: 0 | AJ84: 0 | AK84: 0 | AL84: 0 | AM84: 15:29:00 | AN84: 15:29:00 | AO84: 15:29:00 | AP84: 15:29:00 | AQ84: 10:05:00 | AR84: 10:05:00 | AS84: 10:05:00 | AT84: 10:05:00 | AU84: 10:05:00 | AV84: 10:06:00 | AW84: 10:06:00 | AX84: 10:06:00 | AY84: 10:06:00 | AZ84: 10:06:00 | BA84: 10:05:00 | BB84: 10:05:00 | BC84: 10:05:00 | BD84: 10:05:00 | BE84: 10:06:00 | BF84: 10:06:00 | BG84: 10:06:00 | BH84: 10:06:00 | BI84: 10:06:00 | BJ84: 10:06:00 | BK84: 10:22:00 | BL84: 10:06:00 | BM84: 10:06:00 | BN84: 10:06:00 | BO84: 10:06:00 | BP84: 10:06:00 | BQ84: 10:06:00 | BR84: 10:06:00 | BS84: 10:06:00 | BT84: 10:06:00 | BU84: 0 | BV84: 0 | BW84: 0
A85: 45418 | B85: 15:29:00 | C85: 0 | D85: 0 | E85: 0 | F85: 0 | G85: 0 | H85: 0 | I85: 0 | J85: 0 | K85: 0 | L85: 0 | M85: 0 | N85: 0 | O85: 0 | P85: 0 | Q85: 0 | R85: 0 | S85: 0 | T85: 0 | U85: 0 | V85: 0 | W85: 0 | X85: 0 | Y85: 0 | Z85: 0 | AA85: 0 | AB85: 0 | AC85: 0 | AD85: 0 | AE85: 0 | AF85: 0 | AG85: 0 | AH85: 0 | AI85: 0 | AJ85: 0 | AK85: 0 | AL85: 0 | AM85: 15:29:00 | AN85: 0 | AO85: 0 | AP85: 0 | AQ85: 0 | AR85: 0 | AS85: 0 | AT85: 0 | AU85: 0 | AV85: 0 | AW85: 0 | AX85: 0 | AY85: 0 | AZ85: 0 | BA85: 0 | BB85: 0 | BC85: 0 | BD85: 0 | BE85: 0 | BF85: 0 | BG85: 0 | BH85: 0 | BI85: 0 | BJ85: 0 | BK85: 0 | BL85: 0 | BM85: 0 | BN85: 0 | BO85: 0 | BP85: 0 | BQ85: 0 | BR85: 0 | BS85: 0 | BT85: 0 | BU85: 0 | BV85: 0 | BW85: 0
A86: 45419 | B86: 15:29:00 | C86: 15:29:00 | D86: 15:29:00 | E86: 15:29:00 | F86: 0 | G86: 0 | H86: 0 | I86: 0 | J86: 0 | K86: 0 | L86: 0 | M86: 0 | N86: 0 | O86: 0 | P86: 0 | Q86: 0 | R86: 0 | S86: 0 | T86: 0 | U86: 0 | V86: 0 | W86: 0 | X86: 0 | Y86: 0 | Z86: 0 | AA86: 0 | AB86: 0 | AC86: 0 | AD86: 0 | AE86: 0 | AF86: 0 | AG86: 0 | AH86: 0 | AI86: 0 | AJ86: 10:37:00 | AK86: 10:52:00 | AL86: 11:24:00 | AM86: 15:29:00 | AN86: 0 | AO86: 0 | AP86: 0 | AQ86: 0 | AR86: 0 | AS86: 0 | AT86: 0 | AU86: 0 | AV86: 0 | AW86: 0 | AX86: 0 | AY86: 0 | AZ86: 0 | BA86: 0 | BB86: 0 | BC86: 0 | BD86: 0 | BE86: 0 | BF86: 0 | BG86: 0 | BH86: 0 | BI86: 0 | BJ86: 0 | BK86: 0 | BL86: 0 | BM86: 0 | BN86: 0 | BO86: 0 | BP86: 0 | BQ86: 0 | BR86: 0 | BS86: 0 | BT86: 0 | BU86: 0 | BV86: 0 | BW86: 0
A87: 45420 | B87: 15:29:00 | C87: 15:29:00 | D87: 15:29:00 | E87: 15:29:00 | F87: 0 | G87: 0 | H87: 0 | I87: 0 | J87: 0 | K87: 0 | L87: 0 | M87: 0 | N87: 0 | O87: 0 | P87: 0 | Q87: 0 | R87: 0 | S87: 0 | T87: 0 | U87: 0 | V87: 0 | W87: 0 | X87: 0 | Y87: 0 | Z87: 0 | AA87: 0 | AB87: 0 | AC87: 0 | AD87: 0 | AE87: 0 | AF87: 0 | AG87: 0 | AH87: 0 | AI87: 0 | AJ87: 15:29:00 | AK87: 15:29:00 | AL87: 15:29:00 | AM87: 15:29:00 | AN87: 0 | AO87: 0 | AP87: 0 | AQ87: 0 | AR87: 0 | AS87: 0 | AT87: 0 | AU87: 0 | AV87: 0 | AW87: 0 | AX87: 0 | AY87: 0 | AZ87: 0 | BA87: 0 | BB87: 0 | BC87: 0 | BD87: 0 | BE87: 0 | BF87: 0 | BG87: 0 | BH87: 0 | BI87: 0 | BJ87: 0 | BK87: 0 | BL87: 0 | BM87: 0 | BN87: 0 | BO87: 0 | BP87: 0 | BQ87: 0 | BR87: 0 | BS87: 0 | BT87: 0 | BU87: 0 | BV87: 0 | BW87: 0
A88: 45421 | B88: 15:29:00 | C88: 15:29:00 | D88: 15:29:00 | E88: 15:29:00 | F88: 10:12:00 | G88: 15:29:00 | H88: 15:29:00 | I88: 10:25:00 | J88: 15:29:00 | K88: 15:29:00 | L88: 15:29:00 | M88: 15:29:00 | N88: 15:29:00 | O88: 15:29:00 | P88: 10:12:00 | Q88: 15:29:00 | R88: 15:29:00 | S88: 10:25:00 | T88: 15:29:00 | U88: 15:29:00 | V88: 15:29:00 | W88: 15:29:00 | X88: 15:29:00 | Y88: 15:29:00 | Z88: 15:29:00 | AA88: 15:29:00 | AB88: 15:29:00 | AC88: 15:29:00 | AD88: 15:29:00 | AE88: 15:29:00 | AF88: 15:29:00 | AG88: 15:29:00 | AH88: 15:29:00 | AI88: 15:29:00 | AJ88: 0 | AK88: 0 | AL88: 0 | AM88: 15:29:00 | AN88: 15:29:00 | AO88: 15:29:00 | AP88: 15:29:00 | AQ88: 0 | AR88: 0 | AS88: 0 | AT88: 0 | AU88: 0 | AV88: 0 | AW88: 0 | AX88: 0 | AY88: 0 | AZ88: 0 | BA88: 0 | BB88: 0 | BC88: 0 | BD88: 0 | BE88: 0 | BF88: 0 | BG88: 0 | BH88: 0 | BI88: 0 | BJ88: 0 | BK88: 0 | BL88: 0 | BM88: 0 | BN88: 0 | BO88: 0 | BP88: 0 | BQ88: 0 | BR88: 0 | BS88: 0 | BT88: 0 | BU88: 15:29:00 | BV88: 12:57:00 | BW88: 15:29:00
A89: 45422 | B89: 15:29:00 | C89: 0 | D89: 0 | E89: 0 | F89: 0 | G89: 0 | H89: 0 | I89: 0 | J89: 0 | K89: 0 | L89: 0 | M89: 0 | N89: 0 | O89: 0 | P89: 0 | Q89: 0 | R89: 0 | S89: 0 | T89: 0 | U89: 0 | V89: 0 | W89: 0 | X89: 0 | Y89: 0 | Z89: 0 | AA89: 0 | AB89: 0 | AC89: 0 | AD89: 0 | AE89: 0 | AF89: 0 | AG89: 0 | AH89: 0 | AI89: 0 | AJ89: 0 | AK89: 0 | AL89: 0 | AM89: 15:29:00 | AN89: 15:29:00 | AO89: 15:29:00 | AP89: 15:29:00 | AQ89: 15:29:00 | AR89: 15:29:00 | AS89: 15:29:00 | AT89: 15:29:00 | AU89: 15:29:00 | AV89: 15:29:00 | AW89: 15:29:00 | AX89: 15:29:00 | AY89: 15:29:00 | AZ89: 15:29:00 | BA89: 15:29:00 | BB89: 10:53:00 | BC89: 15:29:00 | BD89: 15:29:00 | BE89: 15:29:00 | BF89: 15:29:00 | BG89: 15:29:00 | BH89: 15:29:00 | BI89: 15:29:00 | BJ89: 15:29:00 | BK89: 15:29:00 | BL89: 15:29:00 | BM89: 15:29:00 | BN89: 15:29:00 | BO89: 15:29:00 | BP89: 15:29:00 | BQ89: 15:29:00 | BR89: 15:29:00 | BS89: 15:29:00 | BT89: 15:29:00 | BU89: 0 | BV89: 0 | BW89: 0
A90: 45425 | B90: 15:29:00 | C90: 0 | D90: 0 | E90: 0 | F90: 0 | G90: 0 | H90: 0 | I90: 0 | J90: 0 | K90: 0 | L90: 0 | M90: 0 | N90: 0 | O90: 0 | P90: 0 | Q90: 0 | R90: 0 | S90: 0 | T90: 0 | U90: 0 | V90: 0 | W90: 0 | X90: 0 | Y90: 0 | Z90: 0 | AA90: 0 | AB90: 0 | AC90: 0 | AD90: 0 | AE90: 0 | AF90: 0 | AG90: 0 | AH90: 0 | AI90: 0 | AJ90: 0 | AK90: 0 | AL90: 0 | AM90: 15:29:00 | AN90: 0 | AO90: 0 | AP90: 0 | AQ90: 0 | AR90: 0 | AS90: 0 | AT90: 0 | AU90: 0 | AV90: 0 | AW90: 0 | AX90: 0 | AY90: 0 | AZ90: 0 | BA90: 0 | BB90: 0 | BC90: 0 | BD90: 0 | BE90: 0 | BF90: 0 | BG90: 0 | BH90: 0 | BI90: 0 | BJ90: 0 | BK90: 0 | BL90: 0 | BM90: 0 | BN90: 0 | BO90: 0 | BP90: 0 | BQ90: 0 | BR90: 0 | BS90: 0 | BT90: 0 | BU90: 0 | BV90: 0 | BW90: 0
A91: 45426 | B91: 15:29:00 | C91: 15:29:00 | D91: 15:29:00 | E91: 15:29:00 | F91: 0 | G91: 0 | H91: 0 | I91: 0 | J91: 0 | K91: 0 | L91: 0 | M91: 0 | N91: 0 | O91: 0 | P91: 0 | Q91: 0 | R91: 0 | S91: 0 | T91: 0 | U91: 0 | V91: 0 | W91: 0 | X91: 0 | Y91: 0 | Z91: 0 | AA91: 0 | AB91: 0 | AC91: 0 | AD91: 0 | AE91: 0 | AF91: 0 | AG91: 0 | AH91: 0 | AI91: 0 | AJ91: 15:29:00 | AK91: 15:29:00 | AL91: 15:29:00 | AM91: 15:29:00 | AN91: 0 | AO91: 0 | AP91: 0 | AQ91: 0 | AR91: 0 | AS91: 0 | AT91: 0 | AU91: 0 | AV91: 0 | AW91: 0 | AX91: 0 | AY91: 0 | AZ91: 0 | BA91: 0 | BB91: 0 | BC91: 0 | BD91: 0 | BE91: 0 | BF91: 0 | BG91: 0 | BH91: 0 | BI91: 0 | BJ91: 0 | BK91: 0 | BL91: 0 | BM91: 0 | BN91: 0 | BO91: 0 | BP91: 0 | BQ91: 0 | BR91: 0 | BS91: 0 | BT91: 0 | BU91: 0 | BV91: 0 | BW91: 0
A92: 45427 | B92: 15:29:00 | C92: 15:29:00 | D92: 15:29:00 | E92: 15:29:00 | F92: 0 | G92: 0 | H92: 0 | I92: 0 | J92: 0 | K92: 0 | L92: 0 | M92: 0 | N92: 0 | O92: 0 | P92: 0 | Q92: 0 | R92: 0 | S92: 0 | T92: 0 | U92: 0 | V92: 0 | W92: 0 | X92: 0 | Y92: 0 | Z92: 0 | AA92: 0 | AB92: 0 | AC92: 0 | AD92: 0 | AE92: 0 | AF92: 0 | AG92: 0 | AH92: 0 | AI92: 0 | AJ92: 15:29:00 | AK92: 15:29:00 | AL92: 15:29:00 | AM92: 15:29:00 | AN92: 0 | AO92: 0 | AP92: 0 | AQ92: 0 | AR92: 0 | AS92: 0 | AT92: 0 | AU92: 0 | AV92: 0 | AW92: 0 | AX92: 0 | AY92: 0 | AZ92: 0 | BA92: 0 | BB92: 0 | BC92: 0 | BD92: 0 | BE92: 0 | BF92: 0 | BG92: 0 | BH92: 0 | BI92: 0 | BJ92: 0 | BK92: 0 | BL92: 0 | BM92: 0 | BN92: 0 | BO92: 0 | BP92: 0 | BQ92: 0 | BR92: 0 | BS92: 0 | BT92: 0 | BU92: 0 | BV92: 0 | BW92: 0
A93: 45428 | B93: 15:29:00 | C93: 15:29:00 | D93: 14:53:00 | E93: 12:27:00 | F93: 12:11:00 | G93: 12:11:00 | H93: 12:14:00 | I93: 10:49:00 | J93: 10:49:00 | K93: 10:49:00 | L93: 12:14:00 | M93: 12:14:00 | N93: 12:11:00 | O93: 15:29:00 | P93: 12:11:00 | Q93: 12:11:00 | R93: 12:14:00 | S93: 10:49:00 | T93: 10:49:00 | U93: 10:49:00 | V93: 12:14:00 | W93: 12:14:00 | X93: 12:11:00 | Y93: 15:29:00 | Z93: 12:09:00 | AA93: 12:09:00 | AB93: 12:09:00 | AC93: 15:29:00 | AD93: 15:29:00 | AE93: 15:29:00 | AF93: 15:29:00 | AG93: 15:29:00 | AH93: 15:29:00 | AI93: 12:27:00 | AJ93: 0 | AK93: 0 | AL93: 0 | AM93: 15:29:00 | AN93: 15:29:00 | AO93: 14:53:00 | AP93: 14:50:00 | AQ93: 0 | AR93: 0 | AS93: 0 | AT93: 0 | AU93: 0 | AV93: 0 | AW93: 0 | AX93: 0 | AY93: 0 | AZ93: 0 | BA93: 0 | BB93: 0 | BC93: 0 | BD93: 0 | BE93: 0 | BF93: 0 | BG93: 0 | BH93: 0 | BI93: 0 | BJ93: 0 | BK93: 0 | BL93: 0 | BM93: 0 | BN93: 0 | BO93: 0 | BP93: 0 | BQ93: 0 | BR93: 0 | BS93: 0 | BT93: 0 | BU93: 13:16:00 | BV93: 11:18:00 | BW93: 13:16:00
A94: 45429 | B94: 15:29:00 | C94: 0 | D94: 0 | E94: 0 | F94: 0 | G94: 0 | H94: 0 | I94: 0 | J94: 0 | K94: 0 | L94: 0 | M94: 0 | N94: 0 | O94: 0 | P94: 0 | Q94: 0 | R94: 0 | S94: 0 | T94: 0 | U94: 0 | V94: 0 | W94: 0 | X94: 0 | Y94: 0 | Z94: 0 | AA94: 0 | AB94: 0 | AC94: 0 | AD94: 0 | AE94: 0 | AF94: 0 | AG94: 0 | AH94: 0 | AI94: 0 | AJ94: 0 | AK94: 0 | AL94: 0 | AM94: 15:29:00 | AN94: 15:29:00 | AO94: 15:29:00 | AP94: 15:29:00 | AQ94: 15:29:00 | AR94: 15:29:00 | AS94: 15:29:00 | AT94: 15:29:00 | AU94: 15:29:00 | AV94: 10:37:00 | AW94: 10:37:00 | AX94: 15:29:00 | AY94: 10:37:00 | AZ94: 15:29:00 | BA94: 15:29:00 | BB94: 15:29:00 | BC94: 15:29:00 | BD94: 15:29:00 | BE94: 15:29:00 | BF94: 15:29:00 | BG94: 15:29:00 | BH94: 15:29:00 | BI94: 10:37:00 | BJ94: 15:29:00 | BK94: 15:29:00 | BL94: 15:29:00 | BM94: 15:29:00 | BN94: 15:29:00 | BO94: 15:29:00 | BP94: 15:29:00 | BQ94: 15:29:00 | BR94: 15:29:00 | BS94: 15:29:00 | BT94: 15:29:00 | BU94: 0 | BV94: 0 | BW94: 0
A95: 45433 | B95: 15:29:00 | C95: 15:29:00 | D95: 15:29:00 | E95: 15:29:00 | F95: 0 | G95: 0 | H95: 0 | I95: 0 | J95: 0 | K95: 0 | L95: 0 | M95: 0 | N95: 0 | O95: 0 | P95: 0 | Q95: 0 | R95: 0 | S95: 0 | T95: 0 | U95: 0 | V95: 0 | W95: 0 | X95: 0 | Y95: 0 | Z95: 0 | AA95: 0 | AB95: 0 | AC95: 0 | AD95: 0 | AE95: 0 | AF95: 0 | AG95: 0 | AH95: 0 | AI95: 0 | AJ95: 15:29:00 | AK95: 15:29:00 | AL95: 15:29:00 | AM95: 15:29:00 | AN95: 0 | AO95: 0 | AP95: 0 | AQ95: 0 | AR95: 0 | AS95: 0 | AT95: 0 | AU95: 0 | AV95: 0 | AW95: 0 | AX95: 0 | AY95: 0 | AZ95: 0 | BA95: 0 | BB95: 0 | BC95: 0 | BD95: 0 | BE95: 0 | BF95: 0 | BG95: 0 | BH95: 0 | BI95: 0 | BJ95: 0 | BK95: 0 | BL95: 0 | BM95: 0 | BN95: 0 | BO95: 0 | BP95: 0 | BQ95: 0 | BR95: 0 | BS95: 0 | BT95: 0 | BU95: 0 | BV95: 0 | BW95: 0
A96: 45434 | B96: 15:29:00 | C96: 15:29:00 | D96: 15:29:00 | E96: 15:29:00 | F96: 0 | G96: 0 | H96: 0 | I96: 0 | J96: 0 | K96: 0 | L96: 0 | M96: 0 | N96: 0 | O96: 0 | P96: 0 | Q96: 0 | R96: 0 | S96: 0 | T96: 0 | U96: 0 | V96: 0 | W96: 0 | X96: 0 | Y96: 0 | Z96: 0 | AA96: 0 | AB96: 0 | AC96: 0 | AD96: 0 | AE96: 0 | AF96: 0 | AG96: 0 | AH96: 0 | AI96: 0 | AJ96: 15:29:00 | AK96: 15:29:00 | AL96: 15:29:00 | AM96: 15:29:00 | AN96: 0 | AO96: 0 | AP96: 0 | AQ96: 0 | AR96: 0 | AS96: 0 | AT96: 0 | AU96: 0 | AV96: 0 | AW96: 0 | AX96: 0 | AY96: 0 | AZ96: 0 | BA96: 0 | BB96: 0 | BC96: 0 | BD96: 0 | BE96: 0 | BF96: 0 | BG96: 0 | BH96: 0 | BI96: 0 | BJ96: 0 | BK96: 0 | BL96: 0 | BM96: 0 | BN96: 0 | BO96: 0 | BP96: 0 | BQ96: 0 | BR96: 0 | BS96: 0 | BT96: 0 | BU96: 0 | BV96: 0 | BW96: 0
A97: 45435 | B97: 15:29:00 | C97: 15:29:00 | D97: 15:29:00 | E97: 15:29:00 | F97: 12:28:00 | G97: 09:42:00 | H97: 12:29:00 | I97: 12:28:00 | J97: 12:28:00 | K97: 12:28:00 | L97: 12:29:00 | M97: 12:29:00 | N97: 12:29:00 | O97: 12:29:00 | P97: 12:28:00 | Q97: 09:42:00 | R97: 12:29:00 | S97: 12:28:00 | T97: 12:28:00 | U97: 12:28:00 | V97: 12:29:00 | W97: 12:29:00 | X97: 12:29:00 | Y97: 12:29:00 | Z97: 10:42:00 | AA97: 12:29:00 | AB97: 12:29:00 | AC97: 12:29:00 | AD97: 12:29:00 | AE97: 12:29:00 | AF97: 12:29:00 | AG97: 12:29:00 | AH97: 12:29:00 | AI97: 12:29:00 | AJ97: 0 | AK97: 0 | AL97: 0 | AM97: 15:29:00 | AN97: 15:29:00 | AO97: 15:29:00 | AP97: 15:29:00 | AQ97: 0 | AR97: 0 | AS97: 0 | AT97: 0 | AU97: 0 | AV97: 0 | AW97: 0 | AX97: 0 | AY97: 0 | AZ97: 0 | BA97: 0 | BB97: 0 | BC97: 0 | BD97: 0 | BE97: 0 | BF97: 0 | BG97: 0 | BH97: 0 | BI97: 0 | BJ97: 0 | BK97: 0 | BL97: 0 | BM97: 0 | BN97: 0 | BO97: 0 | BP97: 0 | BQ97: 0 | BR97: 0 | BS97: 0 | BT97: 0 | BU97: 15:29:00 | BV97: 11:57:00 | BW97: 15:29:00
A98: 45436 | B98: 15:29:00 | C98: 0 | D98: 0 | E98: 0 | F98: 0 | G98: 0 | H98: 0 | I98: 0 | J98: 0 | K98: 0 | L98: 0 | M98: 0 | N98: 0 | O98: 0 | P98: 0 | Q98: 0 | R98: 0 | S98: 0 | T98: 0 | U98: 0 | V98: 0 | W98: 0 | X98: 0 | Y98: 0 | Z98: 0 | AA98: 0 | AB98: 0 | AC98: 0 | AD98: 0 | AE98: 0 | AF98: 0 | AG98: 0 | AH98: 0 | AI98: 0 | AJ98: 0 | AK98: 0 | AL98: 0 | AM98: 15:29:00 | AN98: 15:29:00 | AO98: 15:29:00 | AP98: 15:29:00 | AQ98: 15:29:00 | AR98: 15:29:00 | AS98: 15:29:00 | AT98: 15:29:00 | AU98: 15:29:00 | AV98: 15:29:00 | AW98: 15:29:00 | AX98: 15:29:00 | AY98: 15:29:00 | AZ98: 15:29:00 | BA98: 15:29:00 | BB98: 15:29:00 | BC98: 15:29:00 | BD98: 15:29:00 | BE98: 15:29:00 | BF98: 15:29:00 | BG98: 15:29:00 | BH98: 15:29:00 | BI98: 15:29:00 | BJ98: 15:29:00 | BK98: 15:29:00 | BL98: 15:29:00 | BM98: 15:29:00 | BN98: 15:29:00 | BO98: 15:29:00 | BP98: 15:29:00 | BQ98: 15:29:00 | BR98: 15:29:00 | BS98: 15:29:00 | BT98: 15:29:00 | BU98: 0 | BV98: 0 | BW98: 0
A99: 45439 | B99: 15:29:00 | C99: 0 | D99: 0 | E99: 0 | F99: 0 | G99: 0 | H99: 0 | I99: 0 | J99: 0 | K99: 0 | L99: 0 | M99: 0 | N99: 0 | O99: 0 | P99: 0 | Q99: 0 | R99: 0 | S99: 0 | T99: 0 | U99: 0 | V99: 0 | W99: 0 | X99: 0 | Y99: 0 | Z99: 0 | AA99: 0 | AB99: 0 | AC99: 0 | AD99: 0 | AE99: 0 | AF99: 0 | AG99: 0 | AH99: 0 | AI99: 0 | AJ99: 0 | AK99: 0 | AL99: 0 | AM99: 15:29:00 | AN99: 0 | AO99: 0 | AP99: 0 | AQ99: 0 | AR99: 0 | AS99: 0 | AT99: 0 | AU99: 0 | AV99: 0 | AW99: 0 | AX99: 0 | AY99: 0 | AZ99: 0 | BA99: 0 | BB99: 0 | BC99: 0 | BD99: 0 | BE99: 0 | BF99: 0 | BG99: 0 | BH99: 0 | BI99: 0 | BJ99: 0 | BK99: 0 | BL99: 0 | BM99: 0 | BN99: 0 | BO99: 0 | BP99: 0 | BQ99: 0 | BR99: 0 | BS99: 0 | BT99: 0 | BU99: 0 | BV99: 0 | BW99: 0
A100: 45440 | B100: 15:29:00 | C100: 15:29:00 | D100: 15:29:00 | E100: 15:29:00 | F100: 0 | G100: 0 | H100: 0 | I100: 0 | J100: 0 | K100: 0 | L100: 0 | M100: 0 | N100: 0 | O100: 0 | P100: 0 | Q100: 0 | R100: 0 | S100: 0 | T100: 0 | U100: 0 | V100: 0 | W100: 0 | X100: 0 | Y100: 0 | Z100: 0 | AA100: 0 | AB100: 0 | AC100: 0 | AD100: 0 | AE100: 0 | AF100: 0 | AG100: 0 | AH100: 0 | AI100: 0 | AJ100: 15:29:00 | AK100: 15:29:00 | AL100: 15:29:00 | AM100: 15:29:00 | AN100: 0 | AO100: 0 | AP100: 0 | AQ100: 0 | AR100: 0 | AS100: 0 | AT100: 0 | AU100: 0 | AV100: 0 | AW100: 0 | AX100: 0 | AY100: 0 | AZ100: 0 | BA100: 0 | BB100: 0 | BC100: 0 | BD100: 0 | BE100: 0 | BF100: 0 | BG100: 0 | BH100: 0 | BI100: 0 | BJ100: 0 | BK100: 0 | BL100: 0 | BM100: 0 | BN100: 0 | BO100: 0 | BP100: 0 | BQ100: 0 | BR100: 0 | BS100: 0 | BT100: 0 | BU100: 0 | BV100: 0 | BW100: 0
...

Sheet StgWiseDD
A1: Date | B1: Day | C1: NF DTE | D1: SX DTE | E1: NF NRE_CC_1 | F1: DD NF NRE_CC_1 | G1: NF NRE_CC_2 | H1: DD NF NRE_CC_2 | I1: NF NRE_CC_3 | J1: DD NF NRE_CC_3 | K1: NF SRE_PREMIUM_SHIFT_1 | L1: DD NF SRE_PREMIUM_SHIFT_1 | M1: NF SRE_PREMIUM_SHIFT_2 | N1: DD NF SRE_PREMIUM_SHIFT_2 | O1: NF SRE_PREMIUM_SHIFT_3 | P1: DD NF SRE_PREMIUM_SHIFT_3 | Q1: NF SRE_PREMIUM_SHIFT_4 | R1: DD NF SRE_PREMIUM_SHIFT_4 | S1: NF SRE_PREMIUM_SHIFT_5 | T1: DD NF SRE_PREMIUM_SHIFT_5 | U1: NF SRE_PREMIUM_SHIFT_6 | V1: DD NF SRE_PREMIUM_SHIFT_6 | W1: NF SRE_PREMIUM_SHIFT_7 | X1: DD NF SRE_PREMIUM_SHIFT_7 | Y1: NF SRE_PREMIUM_SHIFT_8 | Z1: DD NF SRE_PREMIUM_SHIFT_8 | AA1: NF SRE_PREMIUM_SHIFT_9 | AB1: DD NF SRE_PREMIUM_SHIFT_9 | AC1: NF SRE_PREMIUM_SHIFT_10 | AD1: DD NF SRE_PREMIUM_SHIFT_10 | AE1: NF SRE_PREMIUM_SHIFT_11 | AF1: DD NF SRE_PREMIUM_SHIFT_11 | AG1: NF SRE_PREMIUM_SHIFT_12 | AH1: DD NF SRE_PREMIUM_SHIFT_12 | AI1: NF SRE_PREMIUM_SHIFT_13 | AJ1: DD NF SRE_PREMIUM_SHIFT_13 | AK1: NF SRE_PREMIUM_SHIFT_14 | AL1: DD NF SRE_PREMIUM_SHIFT_14 | AM1: NF SRE_PREMIUM_SHIFT_15 | AN1: DD NF SRE_PREMIUM_SHIFT_15 | AO1: NF SRE_PREMIUM_SHIFT_16 | AP1: DD NF SRE_PREMIUM_SHIFT_16 | AQ1: NF SRE_PREMIUM_SHIFT_17 | AR1: DD NF SRE_PREMIUM_SHIFT_17 | AS1: NF SRE_PREMIUM_SHIFT_18 | AT1: DD NF SRE_PREMIUM_SHIFT_18 | AU1: NF SRE_PREMIUM_SHIFT_19 | AV1: DD NF SRE_PREMIUM_SHIFT_19 | AW1: NF SRE_PREMIUM_SHIFT_20 | AX1: DD NF SRE_PREMIUM_SHIFT_20 | AY1: NF SRE_PREMIUM_SHIFT_21 | AZ1: DD NF SRE_PREMIUM_SHIFT_21 | BA1: NF SRE_PREMIUM_SHIFT_22 | BB1: DD NF SRE_PREMIUM_SHIFT_22 | BC1: NF SRE_PREMIUM_SHIFT_23 | BD1: DD NF SRE_PREMIUM_SHIFT_23 | BE1: NF SRE_PREMIUM_SHIFT_24 | BF1: DD NF SRE_PREMIUM_SHIFT_24 | BG1: NF SRE_PREMIUM_SHIFT_25 | BH1: DD NF SRE_PREMIUM_SHIFT_25 | BI1: NF SRE_PREMIUM_SHIFT_26 | BJ1: DD NF SRE_PREMIUM_SHIFT_26 | BK1: NF SRE_PREMIUM_SHIFT_27 | BL1: DD NF SRE_PREMIUM_SHIFT_27 | BM1: NF SRE_PREMIUM_SHIFT_28 | BN1: DD NF SRE_PREMIUM_SHIFT_28 | BO1: NF SRE_PREMIUM_SHIFT_29 | BP1: DD NF SRE_PREMIUM_SHIFT_29 | BQ1: NF SRE_PREMIUM_SHIFT_30 | BR1: DD NF SRE_PREMIUM_SHIFT_30 | BS1: NF SRE_SEPARATE_LEG_SL_1 | BT1: DD NF SRE_SEPARATE_LEG_SL_1 | BU1: NF SRE_SEPARATE_LEG_SL_2 | BV1: DD NF SRE_SEPARATE_LEG_SL_2 | BW1: NF SRE_SEPARATE_LEG_SL_3 | BX1: DD NF SRE_SEPARATE_LEG_SL_3 | BY1: SX NRE_CC_1 | BZ1: DD SX NRE_CC_1 | CA1: SX NRE_CC_2 | CB1: DD SX NRE_CC_2 | CC1: SX NRE_CC_3 | CD1: DD SX NRE_CC_3 | CE1: SX SRE_PREMIUM_SHIFT_1 | CF1: DD SX SRE_PREMIUM_SHIFT_1 | CG1: SX SRE_PREMIUM_SHIFT_2 | CH1: DD SX SRE_PREMIUM_SHIFT_2 | CI1: SX SRE_PREMIUM_SHIFT_3 | CJ1: DD SX SRE_PREMIUM_SHIFT_3 | CK1: SX SRE_PREMIUM_SHIFT_4 | CL1: DD SX SRE_PREMIUM_SHIFT_4 | CM1: SX SRE_PREMIUM_SHIFT_5 | CN1: DD SX SRE_PREMIUM_SHIFT_5 | CO1: SX SRE_PREMIUM_SHIFT_6 | CP1: DD SX SRE_PREMIUM_SHIFT_6 | CQ1: SX SRE_PREMIUM_SHIFT_7 | CR1: DD SX SRE_PREMIUM_SHIFT_7 | CS1: SX SRE_PREMIUM_SHIFT_8 | CT1: DD SX SRE_PREMIUM_SHIFT_8 | CU1: SX SRE_PREMIUM_SHIFT_9 | CV1: DD SX SRE_PREMIUM_SHIFT_9 | CW1: SX SRE_PREMIUM_SHIFT_10 | CX1: DD SX SRE_PREMIUM_SHIFT_10 | CY1: SX SRE_PREMIUM_SHIFT_11 | CZ1: DD SX SRE_PREMIUM_SHIFT_11 | DA1: SX SRE_PREMIUM_SHIFT_12 | DB1: DD SX SRE_PREMIUM_SHIFT_12 | DC1: SX SRE_PREMIUM_SHIFT_13 | DD1: DD SX SRE_PREMIUM_SHIFT_13 | DE1: SX SRE_PREMIUM_SHIFT_14 | DF1: DD SX SRE_PREMIUM_SHIFT_14 | DG1: SX SRE_PREMIUM_SHIFT_15 | DH1: DD SX SRE_PREMIUM_SHIFT_15 | DI1: SX SRE_PREMIUM_SHIFT_16 | DJ1: DD SX SRE_PREMIUM_SHIFT_16 | DK1: SX SRE_PREMIUM_SHIFT_17 | DL1: DD SX SRE_PREMIUM_SHIFT_17 | DM1: SX SRE_PREMIUM_SHIFT_18 | DN1: DD SX SRE_PREMIUM_SHIFT_18 | DO1: SX SRE_PREMIUM_SHIFT_19 | DP1: DD SX SRE_PREMIUM_SHIFT_19 | DQ1: SX SRE_PREMIUM_SHIFT_20 | DR1: DD SX SRE_PREMIUM_SHIFT_20 | DS1: SX SRE_PREMIUM_SHIFT_21 | DT1: DD SX SRE_PREMIUM_SHIFT_21 | DU1: SX SRE_PREMIUM_SHIFT_22 | DV1: DD SX SRE_PREMIUM_SHIFT_22 | DW1: SX SRE_PREMIUM_SHIFT_23 | DX1: DD SX SRE_PREMIUM_SHIFT_23 | DY1: SX SRE_PREMIUM_SHIFT_24 | DZ1: DD SX SRE_PREMIUM_SHIFT_24 | EA1: SX SRE_PREMIUM_SHIFT_25 | EB1: DD SX SRE_PREMIUM_SHIFT_25 | EC1: SX SRE_PREMIUM_SHIFT_26 | ED1: DD SX SRE_PREMIUM_SHIFT_26 | EE1: SX SRE_PREMIUM_SHIFT_27 | EF1: DD SX SRE_PREMIUM_SHIFT_27 | EG1: SX SRE_PREMIUM_SHIFT_28 | EH1: DD SX SRE_PREMIUM_SHIFT_28 | EI1: SX SRE_PREMIUM_SHIFT_29 | EJ1: DD SX SRE_PREMIUM_SHIFT_29 | EK1: SX SRE_PREMIUM_SHIFT_30 | EL1: DD SX SRE_PREMIUM_SHIFT_30 | EM1: SX SRE_SEPARATE_LEG_SL_1 | EN1: DD SX SRE_SEPARATE_LEG_SL_1 | EO1: SX SRE_SEPARATE_LEG_SL_2 | EP1: DD SX SRE_SEPARATE_LEG_SL_2 | EQ1: SX SRE_SEPARATE_LEG_SL_3 | ER1: DD SX SRE_SEPARATE_LEG_SL_3
A2: 45292 | B2: Monday | C2: 4 | D2: 5 | E2: 0 | F2: =IF(E2 < 0, E2, 0) -> 0 | G2: 0 | H2: =IF(G2 < 0, G2, 0) -> 0 | I2: 0 | J2: =IF(I2 < 0, I2, 0) -> 0 | K2: 0 | L2: =IF(K2 < 0, K2, 0) -> 0 | M2: 0 | N2: =IF(M2 < 0, M2, 0) -> 0 | O2: 0 | P2: =IF(O2 < 0, O2, 0) -> 0 | Q2: 0 | R2: =IF(Q2 < 0, Q2, 0) -> 0 | S2: 0 | T2: =IF(S2 < 0, S2, 0) -> 0 | U2: 0 | V2: =IF(U2 < 0, U2, 0) -> 0 | W2: 0 | X2: =IF(W2 < 0, W2, 0) -> 0 | Y2: 0 | Z2: =IF(Y2 < 0, Y2, 0) -> 0 | AA2: 0 | AB2: =IF(AA2 < 0, AA2, 0) -> 0 | AC2: 0 | AD2: =IF(AC2 < 0, AC2, 0) -> 0 | AE2: 0 | AF2: =IF(AE2 < 0, AE2, 0) -> 0 | AG2: 0 | AH2: =IF(AG2 < 0, AG2, 0) -> 0 | AI2: 0 | AJ2: =IF(AI2 < 0, AI2, 0) -> 0 | AK2: 0 | AL2: =IF(AK2 < 0, AK2, 0) -> 0 | AM2: 0 | AN2: =IF(AM2 < 0, AM2, 0) -> 0 | AO2: 0 | AP2: =IF(AO2 < 0, AO2, 0) -> 0 | AQ2: 0 | AR2: =IF(AQ2 < 0, AQ2, 0) -> 0 | AS2: 0 | AT2: =IF(AS2 < 0, AS2, 0) -> 0 | AU2: 0 | AV2: =IF(AU2 < 0, AU2, 0) -> 0 | AW2: 0 | AX2: =IF(AW2 < 0, AW2, 0) -> 0 | AY2: 0 | AZ2: =IF(AY2 < 0, AY2, 0) -> 0 | BA2: 0 | BB2: =IF(BA2 < 0, BA2, 0) -> 0 | BC2: 0 | BD2: =IF(BC2 < 0, BC2, 0) -> 0 | BE2: 0 | BF2: =IF(BE2 < 0, BE2, 0) -> 0 | BG2: 0 | BH2: =IF(BG2 < 0, BG2, 0) -> 0 | BI2: 0 | BJ2: =IF(BI2 < 0, BI2, 0) -> 0 | BK2: 0 | BL2: =IF(BK2 < 0, BK2, 0) -> 0 | BM2: 0 | BN2: =IF(BM2 < 0, BM2, 0) -> 0 | BO2: 0 | BP2: =IF(BO2 < 0, BO2, 0) -> 0 | BQ2: 0 | BR2: =IF(BQ2 < 0, BQ2, 0) -> 0 | BS2: 0 | BT2: =IF(BS2 < 0, BS2, 0) -> 0 | BU2: 0 | BV2: =IF(BU2 < 0, BU2, 0) -> 0 | BW2: 0 | BX2: =IF(BW2 < 0, BW2, 0) -> 0 | BY2: 0 | BZ2: =IF(BY2 < 0, BY2, 0) -> 0 | CA2: 0 | CB2: =IF(CA2 < 0, CA2, 0) -> 0 | CC2: 0 | CD2: =IF(CC2 < 0, CC2, 0) -> 0 | CE2: 0 | CF2: =IF(CE2 < 0, CE2, 0) -> 0 | CG2: 0 | CH2: =IF(CG2 < 0, CG2, 0) -> 0 | CI2: 0 | CJ2: =IF(CI2 < 0, CI2, 0) -> 0 | CK2: 0 | CL2: =IF(CK2 < 0, CK2, 0) -> 0 | CM2: 0 | CN2: =IF(CM2 < 0, CM2, 0) -> 0 | CO2: 0 | CP2: =IF(CO2 < 0, CO2, 0) -> 0 | CQ2: 0 | CR2: =IF(CQ2 < 0, CQ2, 0) -> 0 | CS2: 0 | CT2: =IF(CS2 < 0, CS2, 0) -> 0 | CU2: 0 | CV2: =IF(CU2 < 0, CU2, 0) -> 0 | CW2: 0 | CX2: =IF(CW2 < 0, CW2, 0) -> 0 | CY2: 0 | CZ2: =IF(CY2 < 0, CY2, 0) -> 0 | DA2: 0 | DB2: =IF(DA2 < 0, DA2, 0) -> 0 | DC2: 0 | DD2: =IF(DC2 < 0, DC2, 0) -> 0 | DE2: 0 | DF2: =IF(DE2 < 0, DE2, 0) -> 0 | DG2: 0 | DH2: =IF(DG2 < 0, DG2, 0) -> 0 | DI2: 0 | DJ2: =IF(DI2 < 0, DI2, 0) -> 0 | DK2: 0 | DL2: =IF(DK2 < 0, DK2, 0) -> 0 | DM2: 0 | DN2: =IF(DM2 < 0, DM2, 0) -> 0 | DO2: 0 | DP2: =IF(DO2 < 0, DO2, 0) -> 0 | DQ2: 0 | DR2: =IF(DQ2 < 0, DQ2, 0) -> 0 | DS2: 0 | DT2: =IF(DS2 < 0, DS2, 0) -> 0 | DU2: 0 | DV2: =IF(DU2 < 0, DU2, 0) -> 0 | DW2: 0 | DX2: =IF(DW2 < 0, DW2, 0) -> 0 | DY2: 0 | DZ2: =IF(DY2 < 0, DY2, 0) -> 0 | EA2: 0 | EB2: =IF(EA2 < 0, EA2, 0) -> 0 | EC2: 0 | ED2: =IF(EC2 < 0, EC2, 0) -> 0 | EE2: 0 | EF2: =IF(EE2 < 0, EE2, 0) -> 0 | EG2: 0 | EH2: =IF(EG2 < 0, EG2, 0) -> 0 | EI2: 0 | EJ2: =IF(EI2 < 0, EI2, 0) -> 0 | EK2: 0 | EL2: =IF(EK2 < 0, EK2, 0) -> 0 | EM2: 0 | EN2: =IF(EM2 < 0, EM2, 0) -> 0 | EO2: 0 | EP2: =IF(EO2 < 0, EO2, 0) -> 0 | EQ2: 0 | ER2: =IF(EQ2 < 0, EQ2, 0) -> 0
A3: 45293 | B3: Tuesday | C3: 3 | D3: 4 | E3: 27719.818 | F3: =IF(E3 + F2 < 0, E3 + F2, 0) -> 0 | G3: 7586.2108 | H3: =IF(G3 + H2 < 0, G3 + H2, 0) -> 0 | I3: 179.48891 | J3: =IF(I3 + J2 < 0, I3 + J2, 0) -> 0 | K3: 0 | L3: =IF(K3 + L2 < 0, K3 + L2, 0) -> 0 | M3: 0 | N3: =IF(M3 + N2 < 0, M3 + N2, 0) -> 0 | O3: 0 | P3: =IF(O3 + P2 < 0, O3 + P2, 0) -> 0 | Q3: 0 | R3: =IF(Q3 + R2 < 0, Q3 + R2, 0) -> 0 | S3: 0 | T3: =IF(S3 + T2 < 0, S3 + T2, 0) -> 0 | U3: 0 | V3: =IF(U3 + V2 < 0, U3 + V2, 0) -> 0 | W3: 0 | X3: =IF(W3 + X2 < 0, W3 + X2, 0) -> 0 | Y3: 0 | Z3: =IF(Y3 + Z2 < 0, Y3 + Z2, 0) -> 0 | AA3: 0 | AB3: =IF(AA3 + AB2 < 0, AA3 + AB2, 0) -> 0 | AC3: 0 | AD3: =IF(AC3 + AD2 < 0, AC3 + AD2, 0) -> 0 | AE3: 0 | AF3: =IF(AE3 + AF2 < 0, AE3 + AF2, 0) -> 0 | AG3: 0 | AH3: =IF(AG3 + AH2 < 0, AG3 + AH2, 0) -> 0 | AI3: 0 | AJ3: =IF(AI3 + AJ2 < 0, AI3 + AJ2, 0) -> 0 | AK3: 0 | AL3: =IF(AK3 + AL2 < 0, AK3 + AL2, 0) -> 0 | AM3: 0 | AN3: =IF(AM3 + AN2 < 0, AM3 + AN2, 0) -> 0 | AO3: 0 | AP3: =IF(AO3 + AP2 < 0, AO3 + AP2, 0) -> 0 | AQ3: 0 | AR3: =IF(AQ3 + AR2 < 0, AQ3 + AR2, 0) -> 0 | AS3: 0 | AT3: =IF(AS3 + AT2 < 0, AS3 + AT2, 0) -> 0 | AU3: 0 | AV3: =IF(AU3 + AV2 < 0, AU3 + AV2, 0) -> 0 | AW3: 0 | AX3: =IF(AW3 + AX2 < 0, AW3 + AX2, 0) -> 0 | AY3: 0 | AZ3: =IF(AY3 + AZ2 < 0, AY3 + AZ2, 0) -> 0 | BA3: 0 | BB3: =IF(BA3 + BB2 < 0, BA3 + BB2, 0) -> 0 | BC3: 0 | BD3: =IF(BC3 + BD2 < 0, BC3 + BD2, 0) -> 0 | BE3: 0 | BF3: =IF(BE3 + BF2 < 0, BE3 + BF2, 0) -> 0 | BG3: 0 | BH3: =IF(BG3 + BH2 < 0, BG3 + BH2, 0) -> 0 | BI3: 0 | BJ3: =IF(BI3 + BJ2 < 0, BI3 + BJ2, 0) -> 0 | BK3: 0 | BL3: =IF(BK3 + BL2 < 0, BK3 + BL2, 0) -> 0 | BM3: 0 | BN3: =IF(BM3 + BN2 < 0, BM3 + BN2, 0) -> 0 | BO3: 0 | BP3: =IF(BO3 + BP2 < 0, BO3 + BP2, 0) -> 0 | BQ3: 0 | BR3: =IF(BQ3 + BR2 < 0, BQ3 + BR2, 0) -> 0 | BS3: -206082.96 | BT3: =IF(BS3 + BT2 < 0, BS3 + BT2, 0) -> 0 | BU3: -203332.48 | BV3: =IF(BU3 + BV2 < 0, BU3 + BV2, 0) -> 0 | BW3: -198809.3 | BX3: =IF(BW3 + BX2 < 0, BW3 + BX2, 0) -> 0 | BY3: 0 | BZ3: =IF(BY3 + BZ2 < 0, BY3 + BZ2, 0) -> 0 | CA3: 0 | CB3: =IF(CA3 + CB2 < 0, CA3 + CB2, 0) -> 0 | CC3: 0 | CD3: =IF(CC3 + CD2 < 0, CC3 + CD2, 0) -> 0 | CE3: 0 | CF3: =IF(CE3 + CF2 < 0, CE3 + CF2, 0) -> 0 | CG3: 0 | CH3: =IF(CG3 + CH2 < 0, CG3 + CH2, 0) -> 0 | CI3: 0 | CJ3: =IF(CI3 + CJ2 < 0, CI3 + CJ2, 0) -> 0 | CK3: 0 | CL3: =IF(CK3 + CL2 < 0, CK3 + CL2, 0) -> 0 | CM3: 0 | CN3: =IF(CM3 + CN2 < 0, CM3 + CN2, 0) -> 0 | CO3: 0 | CP3: =IF(CO3 + CP2 < 0, CO3 + CP2, 0) -> 0 | CQ3: 0 | CR3: =IF(CQ3 + CR2 < 0, CQ3 + CR2, 0) -> 0 | CS3: 0 | CT3: =IF(CS3 + CT2 < 0, CS3 + CT2, 0) -> 0 | CU3: 0 | CV3: =IF(CU3 + CV2 < 0, CU3 + CV2, 0) -> 0 | CW3: 0 | CX3: =IF(CW3 + CX2 < 0, CW3 + CX2, 0) -> 0 | CY3: 0 | CZ3: =IF(CY3 + CZ2 < 0, CY3 + CZ2, 0) -> 0 | DA3: 0 | DB3: =IF(DA3 + DB2 < 0, DA3 + DB2, 0) -> 0 | DC3: 0 | DD3: =IF(DC3 + DD2 < 0, DC3 + DD2, 0) -> 0 | DE3: 0 | DF3: =IF(DE3 + DF2 < 0, DE3 + DF2, 0) -> 0 | DG3: 0 | DH3: =IF(DG3 + DH2 < 0, DG3 + DH2, 0) -> 0 | DI3: 0 | DJ3: =IF(DI3 + DJ2 < 0, DI3 + DJ2, 0) -> 0 | DK3: 0 | DL3: =IF(DK3 + DL2 < 0, DK3 + DL2, 0) -> 0 | DM3: 0 | DN3: =IF(DM3 + DN2 < 0, DM3 + DN2, 0) -> 0 | DO3: 0 | DP3: =IF(DO3 + DP2 < 0, DO3 + DP2, 0) -> 0 | DQ3: 0 | DR3: =IF(DQ3 + DR2 < 0, DQ3 + DR2, 0) -> 0 | DS3: 0 | DT3: =IF(DS3 + DT2 < 0, DS3 + DT2, 0) -> 0 | DU3: 0 | DV3: =IF(DU3 + DV2 < 0, DU3 + DV2, 0) -> 0 | DW3: 0 | DX3: =IF(DW3 + DX2 < 0, DW3 + DX2, 0) -> 0 | DY3: 0 | DZ3: =IF(DY3 + DZ2 < 0, DY3 + DZ2, 0) -> 0 | EA3: 0 | EB3: =IF(EA3 + EB2 < 0, EA3 + EB2, 0) -> 0 | EC3: 0 | ED3: =IF(EC3 + ED2 < 0, EC3 + ED2, 0) -> 0 | EE3: 0 | EF3: =IF(EE3 + EF2 < 0, EE3 + EF2, 0) -> 0 | EG3: 0 | EH3: =IF(EG3 + EH2 < 0, EG3 + EH2, 0) -> 0 | EI3: 0 | EJ3: =IF(EI3 + EJ2 < 0, EI3 + EJ2, 0) -> 0 | EK3: 0 | EL3: =IF(EK3 + EL2 < 0, EK3 + EL2, 0) -> 0 | EM3: 0 | EN3: =IF(EM3 + EN2 < 0, EM3 + EN2, 0) -> 0 | EO3: 0 | EP3: =IF(EO3 + EP2 < 0, EO3 + EP2, 0) -> 0 | EQ3: 0 | ER3: =IF(EQ3 + ER2 < 0, EQ3 + ER2, 0) -> 0
A4: 45294 | B4: Wednesday | C4: 2 | D4: 3 | E4: 18699.793 | F4: =IF(E4 + F3 < 0, E4 + F3, 0) -> 0 | G4: 38528.63 | H4: =IF(G4 + H3 < 0, G4 + H3, 0) -> 0 | I4: 40947.607 | J4: =IF(I4 + J3 < 0, I4 + J3, 0) -> 0 | K4: 0 | L4: =IF(K4 + L3 < 0, K4 + L3, 0) -> 0 | M4: 0 | N4: =IF(M4 + N3 < 0, M4 + N3, 0) -> 0 | O4: 0 | P4: =IF(O4 + P3 < 0, O4 + P3, 0) -> 0 | Q4: 0 | R4: =IF(Q4 + R3 < 0, Q4 + R3, 0) -> 0 | S4: 0 | T4: =IF(S4 + T3 < 0, S4 + T3, 0) -> 0 | U4: 0 | V4: =IF(U4 + V3 < 0, U4 + V3, 0) -> 0 | W4: 0 | X4: =IF(W4 + X3 < 0, W4 + X3, 0) -> 0 | Y4: 0 | Z4: =IF(Y4 + Z3 < 0, Y4 + Z3, 0) -> 0 | AA4: 0 | AB4: =IF(AA4 + AB3 < 0, AA4 + AB3, 0) -> 0 | AC4: 0 | AD4: =IF(AC4 + AD3 < 0, AC4 + AD3, 0) -> 0 | AE4: 0 | AF4: =IF(AE4 + AF3 < 0, AE4 + AF3, 0) -> 0 | AG4: 0 | AH4: =IF(AG4 + AH3 < 0, AG4 + AH3, 0) -> 0 | AI4: 0 | AJ4: =IF(AI4 + AJ3 < 0, AI4 + AJ3, 0) -> 0 | AK4: 0 | AL4: =IF(AK4 + AL3 < 0, AK4 + AL3, 0) -> 0 | AM4: 0 | AN4: =IF(AM4 + AN3 < 0, AM4 + AN3, 0) -> 0 | AO4: 0 | AP4: =IF(AO4 + AP3 < 0, AO4 + AP3, 0) -> 0 | AQ4: 0 | AR4: =IF(AQ4 + AR3 < 0, AQ4 + AR3, 0) -> 0 | AS4: 0 | AT4: =IF(AS4 + AT3 < 0, AS4 + AT3, 0) -> 0 | AU4: 0 | AV4: =IF(AU4 + AV3 < 0, AU4 + AV3, 0) -> 0 | AW4: 0 | AX4: =IF(AW4 + AX3 < 0, AW4 + AX3, 0) -> 0 | AY4: 0 | AZ4: =IF(AY4 + AZ3 < 0, AY4 + AZ3, 0) -> 0 | BA4: 0 | BB4: =IF(BA4 + BB3 < 0, BA4 + BB3, 0) -> 0 | BC4: 0 | BD4: =IF(BC4 + BD3 < 0, BC4 + BD3, 0) -> 0 | BE4: 0 | BF4: =IF(BE4 + BF3 < 0, BE4 + BF3, 0) -> 0 | BG4: 0 | BH4: =IF(BG4 + BH3 < 0, BG4 + BH3, 0) -> 0 | BI4: 0 | BJ4: =IF(BI4 + BJ3 < 0, BI4 + BJ3, 0) -> 0 | BK4: 0 | BL4: =IF(BK4 + BL3 < 0, BK4 + BL3, 0) -> 0 | BM4: 0 | BN4: =IF(BM4 + BN3 < 0, BM4 + BN3, 0) -> 0 | BO4: 0 | BP4: =IF(BO4 + BP3 < 0, BO4 + BP3, 0) -> 0 | BQ4: 0 | BR4: =IF(BQ4 + BR3 < 0, BQ4 + BR3, 0) -> 0 | BS4: 98259.448 | BT4: =IF(BS4 + BT3 < 0, BS4 + BT3, 0) -> 0 | BU4: 93634.836 | BV4: =IF(BU4 + BV3 < 0, BU4 + BV3, 0) -> 0 | BW4: 83157.201 | BX4: =IF(BW4 + BX3 < 0, BW4 + BX3, 0) -> 0 | BY4: 0 | BZ4: =IF(BY4 + BZ3 < 0, BY4 + BZ3, 0) -> 0 | CA4: 0 | CB4: =IF(CA4 + CB3 < 0, CA4 + CB3, 0) -> 0 | CC4: 0 | CD4: =IF(CC4 + CD3 < 0, CC4 + CD3, 0) -> 0 | CE4: 0 | CF4: =IF(CE4 + CF3 < 0, CE4 + CF3, 0) -> 0 | CG4: 0 | CH4: =IF(CG4 + CH3 < 0, CG4 + CH3, 0) -> 0 | CI4: 0 | CJ4: =IF(CI4 + CJ3 < 0, CI4 + CJ3, 0) -> 0 | CK4: 0 | CL4: =IF(CK4 + CL3 < 0, CK4 + CL3, 0) -> 0 | CM4: 0 | CN4: =IF(CM4 + CN3 < 0, CM4 + CN3, 0) -> 0 | CO4: 0 | CP4: =IF(CO4 + CP3 < 0, CO4 + CP3, 0) -> 0 | CQ4: 0 | CR4: =IF(CQ4 + CR3 < 0, CQ4 + CR3, 0) -> 0 | CS4: 0 | CT4: =IF(CS4 + CT3 < 0, CS4 + CT3, 0) -> 0 | CU4: 0 | CV4: =IF(CU4 + CV3 < 0, CU4 + CV3, 0) -> 0 | CW4: 0 | CX4: =IF(CW4 + CX3 < 0, CW4 + CX3, 0) -> 0 | CY4: 0 | CZ4: =IF(CY4 + CZ3 < 0, CY4 + CZ3, 0) -> 0 | DA4: 0 | DB4: =IF(DA4 + DB3 < 0, DA4 + DB3, 0) -> 0 | DC4: 0 | DD4: =IF(DC4 + DD3 < 0, DC4 + DD3, 0) -> 0 | DE4: 0 | DF4: =IF(DE4 + DF3 < 0, DE4 + DF3, 0) -> 0 | DG4: 0 | DH4: =IF(DG4 + DH3 < 0, DG4 + DH3, 0) -> 0 | DI4: 0 | DJ4: =IF(DI4 + DJ3 < 0, DI4 + DJ3, 0) -> 0 | DK4: 0 | DL4: =IF(DK4 + DL3 < 0, DK4 + DL3, 0) -> 0 | DM4: 0 | DN4: =IF(DM4 + DN3 < 0, DM4 + DN3, 0) -> 0 | DO4: 0 | DP4: =IF(DO4 + DP3 < 0, DO4 + DP3, 0) -> 0 | DQ4: 0 | DR4: =IF(DQ4 + DR3 < 0, DQ4 + DR3, 0) -> 0 | DS4: 0 | DT4: =IF(DS4 + DT3 < 0, DS4 + DT3, 0) -> 0 | DU4: 0 | DV4: =IF(DU4 + DV3 < 0, DU4 + DV3, 0) -> 0 | DW4: 0 | DX4: =IF(DW4 + DX3 < 0, DW4 + DX3, 0) -> 0 | DY4: 0 | DZ4: =IF(DY4 + DZ3 < 0, DY4 + DZ3, 0) -> 0 | EA4: 0 | EB4: =IF(EA4 + EB3 < 0, EA4 + EB3, 0) -> 0 | EC4: 0 | ED4: =IF(EC4 + ED3 < 0, EC4 + ED3, 0) -> 0 | EE4: 0 | EF4: =IF(EE4 + EF3 < 0, EE4 + EF3, 0) -> 0 | EG4: 0 | EH4: =IF(EG4 + EH3 < 0, EG4 + EH3, 0) -> 0 | EI4: 0 | EJ4: =IF(EI4 + EJ3 < 0, EI4 + EJ3, 0) -> 0 | EK4: 0 | EL4: =IF(EK4 + EL3 < 0, EK4 + EL3, 0) -> 0 | EM4: 0 | EN4: =IF(EM4 + EN3 < 0, EM4 + EN3, 0) -> 0 | EO4: 0 | EP4: =IF(EO4 + EP3 < 0, EO4 + EP3, 0) -> 0 | EQ4: 0 | ER4: =IF(EQ4 + ER3 < 0, EQ4 + ER3, 0) -> 0
A5: 45295 | B5: Thursday | C5: 1 | D5: 2 | E5: 148233.98 | F5: =IF(E5 + F4 < 0, E5 + F4, 0) -> 0 | G5: 152181.42 | H5: =IF(G5 + H4 < 0, G5 + H4, 0) -> 0 | I5: 154697.02 | J5: =IF(I5 + J4 < 0, I5 + J4, 0) -> 0 | K5: 10096.894 | L5: =IF(K5 + L4 < 0, K5 + L4, 0) -> 0 | M5: 19066.377 | N5: =IF(M5 + N4 < 0, M5 + N4, 0) -> 0 | O5: 18015.938 | P5: =IF(O5 + P4 < 0, O5 + P4, 0) -> 0 | Q5: 16888.527 | R5: =IF(Q5 + R4 < 0, Q5 + R4, 0) -> 0 | S5: 16218.419 | T5: =IF(S5 + T4 < 0, S5 + T4, 0) -> 0 | U5: 15367.201 | V5: =IF(U5 + V4 < 0, U5 + V4, 0) -> 0 | W5: 16082.586 | X5: =IF(W5 + X4 < 0, W5 + X4, 0) -> 0 | Y5: 15009.508 | Z5: =IF(Y5 + Z4 < 0, Y5 + Z4, 0) -> 0 | AA5: 14606.538 | AB5: =IF(AA5 + AB4 < 0, AA5 + AB4, 0) -> 0 | AC5: 13959.069 | AD5: =IF(AC5 + AD4 < 0, AC5 + AD4, 0) -> 0 | AE5: 10096.894 | AF5: =IF(AE5 + AF4 < 0, AE5 + AF4, 0) -> 0 | AG5: 19066.377 | AH5: =IF(AG5 + AH4 < 0, AG5 + AH4, 0) -> 0 | AI5: 18015.938 | AJ5: =IF(AI5 + AJ4 < 0, AI5 + AJ4, 0) -> 0 | AK5: 16888.527 | AL5: =IF(AK5 + AL4 < 0, AK5 + AL4, 0) -> 0 | AM5: 16218.419 | AN5: =IF(AM5 + AN4 < 0, AM5 + AN4, 0) -> 0 | AO5: 15367.201 | AP5: =IF(AO5 + AP4 < 0, AO5 + AP4, 0) -> 0 | AQ5: 16082.586 | AR5: =IF(AQ5 + AR4 < 0, AQ5 + AR4, 0) -> 0 | AS5: 15009.508 | AT5: =IF(AS5 + AT4 < 0, AS5 + AT4, 0) -> 0 | AU5: 14606.538 | AV5: =IF(AU5 + AV4 < 0, AU5 + AV4, 0) -> 0 | AW5: 13959.069 | AX5: =IF(AW5 + AX4 < 0, AW5 + AX4, 0) -> 0 | AY5: 15892.421 | AZ5: =IF(AY5 + AZ4 < 0, AY5 + AZ4, 0) -> 0 | BA5: 9635.0629 | BB5: =IF(BA5 + BB4 < 0, BA5 + BB4, 0) -> 0 | BC5: 8806.4837 | BD5: =IF(BC5 + BD4 < 0, BC5 + BD4, 0) -> 0 | BE5: 8177.1258 | BF5: =IF(BE5 + BF4 < 0, BE5 + BF4, 0) -> 0 | BG5: 7842.0719 | BH5: =IF(BG5 + BH4 < 0, BG5 + BH4, 0) -> 0 | BI5: 7507.018 | BJ5: =IF(BI5 + BJ4 < 0, BI5 + BJ4, 0) -> 0 | BK5: 7842.0719 | BL5: =IF(BK5 + BL4 < 0, BK5 + BL4, 0) -> 0 | BM5: 15009.508 | BN5: =IF(BM5 + BN4 < 0, BM5 + BN4, 0) -> 0 | BO5: 14606.538 | BP5: =IF(BO5 + BP4 < 0, BO5 + BP4, 0) -> 0 | BQ5: 13959.069 | BR5: =IF(BQ5 + BR4 < 0, BQ5 + BR4, 0) -> 0 | BS5: 0 | BT5: =IF(BS5 + BT4 < 0, BS5 + BT4, 0) -> 0 | BU5: 0 | BV5: =IF(BU5 + BV4 < 0, BU5 + BV4, 0) -> 0 | BW5: 0 | BX5: =IF(BW5 + BX4 < 0, BW5 + BX4, 0) -> 0 | BY5: 99722.7 | BZ5: =IF(BY5 + BZ4 < 0, BY5 + BZ4, 0) -> 0 | CA5: 85132.787 | CB5: =IF(CA5 + CB4 < 0, CA5 + CB4, 0) -> 0 | CC5: 91321.54 | CD5: =IF(CC5 + CD4 < 0, CC5 + CD4, 0) -> 0 | CE5: 0 | CF5: =IF(CE5 + CF4 < 0, CE5 + CF4, 0) -> 0 | CG5: 0 | CH5: =IF(CG5 + CH4 < 0, CG5 + CH4, 0) -> 0 | CI5: 0 | CJ5: =IF(CI5 + CJ4 < 0, CI5 + CJ4, 0) -> 0 | CK5: 0 | CL5: =IF(CK5 + CL4 < 0, CK5 + CL4, 0) -> 0 | CM5: 0 | CN5: =IF(CM5 + CN4 < 0, CM5 + CN4, 0) -> 0 | CO5: 0 | CP5: =IF(CO5 + CP4 < 0, CO5 + CP4, 0) -> 0 | CQ5: 0 | CR5: =IF(CQ5 + CR4 < 0, CQ5 + CR4, 0) -> 0 | CS5: 0 | CT5: =IF(CS5 + CT4 < 0, CS5 + CT4, 0) -> 0 | CU5: 0 | CV5: =IF(CU5 + CV4 < 0, CU5 + CV4, 0) -> 0 | CW5: 0 | CX5: =IF(CW5 + CX4 < 0, CW5 + CX4, 0) -> 0 | CY5: 0 | CZ5: =IF(CY5 + CZ4 < 0, CY5 + CZ4, 0) -> 0 | DA5: 0 | DB5: =IF(DA5 + DB4 < 0, DA5 + DB4, 0) -> 0 | DC5: 0 | DD5: =IF(DC5 + DD4 < 0, DC5 + DD4, 0) -> 0 | DE5: 0 | DF5: =IF(DE5 + DF4 < 0, DE5 + DF4, 0) -> 0 | DG5: 0 | DH5: =IF(DG5 + DH4 < 0, DG5 + DH4, 0) -> 0 | DI5: 0 | DJ5: =IF(DI5 + DJ4 < 0, DI5 + DJ4, 0) -> 0 | DK5: 0 | DL5: =IF(DK5 + DL4 < 0, DK5 + DL4, 0) -> 0 | DM5: 0 | DN5: =IF(DM5 + DN4 < 0, DM5 + DN4, 0) -> 0 | DO5: 0 | DP5: =IF(DO5 + DP4 < 0, DO5 + DP4, 0) -> 0 | DQ5: 0 | DR5: =IF(DQ5 + DR4 < 0, DQ5 + DR4, 0) -> 0 | DS5: 0 | DT5: =IF(DS5 + DT4 < 0, DS5 + DT4, 0) -> 0 | DU5: 0 | DV5: =IF(DU5 + DV4 < 0, DU5 + DV4, 0) -> 0 | DW5: 0 | DX5: =IF(DW5 + DX4 < 0, DW5 + DX4, 0) -> 0 | DY5: 0 | DZ5: =IF(DY5 + DZ4 < 0, DY5 + DZ4, 0) -> 0 | EA5: 0 | EB5: =IF(EA5 + EB4 < 0, EA5 + EB4, 0) -> 0 | EC5: 0 | ED5: =IF(EC5 + ED4 < 0, EC5 + ED4, 0) -> 0 | EE5: 0 | EF5: =IF(EE5 + EF4 < 0, EE5 + EF4, 0) -> 0 | EG5: 0 | EH5: =IF(EG5 + EH4 < 0, EG5 + EH4, 0) -> 0 | EI5: 0 | EJ5: =IF(EI5 + EJ4 < 0, EI5 + EJ4, 0) -> 0 | EK5: 0 | EL5: =IF(EK5 + EL4 < 0, EK5 + EL4, 0) -> 0 | EM5: 99287.371 | EN5: =IF(EM5 + EN4 < 0, EM5 + EN4, 0) -> 0 | EO5: 96130.935 | EP5: =IF(EO5 + EP4 < 0, EO5 + EP4, 0) -> 0 | EQ5: 72110.526 | ER5: =IF(EQ5 + ER4 < 0, EQ5 + ER4, 0) -> 0
A6: 45296 | B6: Friday | C6: 5 | D6: 1 | E6: 0 | F6: =IF(E6 + F5 < 0, E6 + F5, 0) -> 0 | G6: 0 | H6: =IF(G6 + H5 < 0, G6 + H5, 0) -> 0 | I6: 0 | J6: =IF(I6 + J5 < 0, I6 + J5, 0) -> 0 | K6: 0 | L6: =IF(K6 + L5 < 0, K6 + L5, 0) -> 0 | M6: 0 | N6: =IF(M6 + N5 < 0, M6 + N5, 0) -> 0 | O6: 0 | P6: =IF(O6 + P5 < 0, O6 + P5, 0) -> 0 | Q6: 0 | R6: =IF(Q6 + R5 < 0, Q6 + R5, 0) -> 0 | S6: 0 | T6: =IF(S6 + T5 < 0, S6 + T5, 0) -> 0 | U6: 0 | V6: =IF(U6 + V5 < 0, U6 + V5, 0) -> 0 | W6: 0 | X6: =IF(W6 + X5 < 0, W6 + X5, 0) -> 0 | Y6: 0 | Z6: =IF(Y6 + Z5 < 0, Y6 + Z5, 0) -> 0 | AA6: 0 | AB6: =IF(AA6 + AB5 < 0, AA6 + AB5, 0) -> 0 | AC6: 0 | AD6: =IF(AC6 + AD5 < 0, AC6 + AD5, 0) -> 0 | AE6: 0 | AF6: =IF(AE6 + AF5 < 0, AE6 + AF5, 0) -> 0 | AG6: 0 | AH6: =IF(AG6 + AH5 < 0, AG6 + AH5, 0) -> 0 | AI6: 0 | AJ6: =IF(AI6 + AJ5 < 0, AI6 + AJ5, 0) -> 0 | AK6: 0 | AL6: =IF(AK6 + AL5 < 0, AK6 + AL5, 0) -> 0 | AM6: 0 | AN6: =IF(AM6 + AN5 < 0, AM6 + AN5, 0) -> 0 | AO6: 0 | AP6: =IF(AO6 + AP5 < 0, AO6 + AP5, 0) -> 0 | AQ6: 0 | AR6: =IF(AQ6 + AR5 < 0, AQ6 + AR5, 0) -> 0 | AS6: 0 | AT6: =IF(AS6 + AT5 < 0, AS6 + AT5, 0) -> 0 | AU6: 0 | AV6: =IF(AU6 + AV5 < 0, AU6 + AV5, 0) -> 0 | AW6: 0 | AX6: =IF(AW6 + AX5 < 0, AW6 + AX5, 0) -> 0 | AY6: 0 | AZ6: =IF(AY6 + AZ5 < 0, AY6 + AZ5, 0) -> 0 | BA6: 0 | BB6: =IF(BA6 + BB5 < 0, BA6 + BB5, 0) -> 0 | BC6: 0 | BD6: =IF(BC6 + BD5 < 0, BC6 + BD5, 0) -> 0 | BE6: 0 | BF6: =IF(BE6 + BF5 < 0, BE6 + BF5, 0) -> 0 | BG6: 0 | BH6: =IF(BG6 + BH5 < 0, BG6 + BH5, 0) -> 0 | BI6: 0 | BJ6: =IF(BI6 + BJ5 < 0, BI6 + BJ5, 0) -> 0 | BK6: 0 | BL6: =IF(BK6 + BL5 < 0, BK6 + BL5, 0) -> 0 | BM6: 0 | BN6: =IF(BM6 + BN5 < 0, BM6 + BN5, 0) -> 0 | BO6: 0 | BP6: =IF(BO6 + BP5 < 0, BO6 + BP5, 0) -> 0 | BQ6: 0 | BR6: =IF(BQ6 + BR5 < 0, BQ6 + BR5, 0) -> 0 | BS6: 0 | BT6: =IF(BS6 + BT5 < 0, BS6 + BT5, 0) -> 0 | BU6: 0 | BV6: =IF(BU6 + BV5 < 0, BU6 + BV5, 0) -> 0 | BW6: 0 | BX6: =IF(BW6 + BX5 < 0, BW6 + BX5, 0) -> 0 | BY6: 94223.067 | BZ6: =IF(BY6 + BZ5 < 0, BY6 + BZ5, 0) -> 0 | CA6: 71910.051 | CB6: =IF(CA6 + CB5 < 0, CA6 + CB5, 0) -> 0 | CC6: 64767.473 | CD6: =IF(CC6 + CD5 < 0, CC6 + CD5, 0) -> 0 | CE6: 23030.179 | CF6: =IF(CE6 + CF5 < 0, CE6 + CF5, 0) -> 0 | CG6: 22520.392 | CH6: =IF(CG6 + CH5 < 0, CG6 + CH5, 0) -> 0 | CI6: 22024.198 | CJ6: =IF(CI6 + CJ5 < 0, CI6 + CJ5, 0) -> 0 | CK6: 22735.182 | CL6: =IF(CK6 + CL5 < 0, CK6 + CL5, 0) -> 0 | CM6: 23051.93 | CN6: =IF(CM6 + CN5 < 0, CM6 + CN5, 0) -> 0 | CO6: 23251.767 | CP6: =IF(CO6 + CP5 < 0, CO6 + CP5, 0) -> 0 | CQ6: 23582.11 | CR6: =IF(CQ6 + CR5 < 0, CQ6 + CR5, 0) -> 0 | CS6: 23461.12 | CT6: =IF(CS6 + CT5 < 0, CS6 + CT5, 0) -> 0 | CU6: 23527.732 | CV6: =IF(CU6 + CV5 < 0, CU6 + CV5, 0) -> 0 | CW6: 19042.958 | CX6: =IF(CW6 + CX5 < 0, CW6 + CX5, 0) -> 0 | CY6: 23030.179 | CZ6: =IF(CY6 + CZ5 < 0, CY6 + CZ5, 0) -> 0 | DA6: 22520.392 | DB6: =IF(DA6 + DB5 < 0, DA6 + DB5, 0) -> 0 | DC6: 22024.198 | DD6: =IF(DC6 + DD5 < 0, DC6 + DD5, 0) -> 0 | DE6: 22735.182 | DF6: =IF(DE6 + DF5 < 0, DE6 + DF5, 0) -> 0 | DG6: 23051.93 | DH6: =IF(DG6 + DH5 < 0, DG6 + DH5, 0) -> 0 | DI6: 23251.767 | DJ6: =IF(DI6 + DJ5 < 0, DI6 + DJ5, 0) -> 0 | DK6: 23582.11 | DL6: =IF(DK6 + DL5 < 0, DK6 + DL5, 0) -> 0 | DM6: 23461.12 | DN6: =IF(DM6 + DN5 < 0, DM6 + DN5, 0) -> 0 | DO6: 23527.732 | DP6: =IF(DO6 + DP5 < 0, DO6 + DP5, 0) -> 0 | DQ6: 19042.958 | DR6: =IF(DQ6 + DR5 < 0, DQ6 + DR5, 0) -> 0 | DS6: 17533.986 | DT6: =IF(DS6 + DT5 < 0, DS6 + DT5, 0) -> 0 | DU6: 16929.038 | DV6: =IF(DU6 + DV5 < 0, DU6 + DV5, 0) -> 0 | DW6: 16620.446 | DX6: =IF(DW6 + DX5 < 0, DW6 + DX5, 0) -> 0 | DY6: 17084.013 | DZ6: =IF(DY6 + DZ5 < 0, DY6 + DZ5, 0) -> 0 | EA6: 17184.611 | EB6: =IF(EA6 + EB5 < 0, EA6 + EB5, 0) -> 0 | EC6: 17345.024 | ED6: =IF(EC6 + ED5 < 0, EC6 + ED5, 0) -> 0 | EE6: 17553.018 | EF6: =IF(EE6 + EF5 < 0, EE6 + EF5, 0) -> 0 | EG6: 17607.395 | EH6: =IF(EG6 + EH5 < 0, EG6 + EH5, 0) -> 0 | EI6: 17553.018 | EJ6: =IF(EI6 + EJ5 < 0, EI6 + EJ5, 0) -> 0 | EK6: 17761.011 | EL6: =IF(EK6 + EL5 < 0, EK6 + EL5, 0) -> 0 | EM6: 0 | EN6: =IF(EM6 + EN5 < 0, EM6 + EN5, 0) -> 0 | EO6: 0 | EP6: =IF(EO6 + EP5 < 0, EO6 + EP5, 0) -> 0 | EQ6: 0 | ER6: =IF(EQ6 + ER5 < 0, EQ6 + ER5, 0) -> 0
A7: 45299 | B7: Monday | C7: 4 | D7: 5 | E7: 0 | F7: =IF(E7 + F6 < 0, E7 + F6, 0) -> 0 | G7: 0 | H7: =IF(G7 + H6 < 0, G7 + H6, 0) -> 0 | I7: 0 | J7: =IF(I7 + J6 < 0, I7 + J6, 0) -> 0 | K7: 0 | L7: =IF(K7 + L6 < 0, K7 + L6, 0) -> 0 | M7: 0 | N7: =IF(M7 + N6 < 0, M7 + N6, 0) -> 0 | O7: 0 | P7: =IF(O7 + P6 < 0, O7 + P6, 0) -> 0 | Q7: 0 | R7: =IF(Q7 + R6 < 0, Q7 + R6, 0) -> 0 | S7: 0 | T7: =IF(S7 + T6 < 0, S7 + T6, 0) -> 0 | U7: 0 | V7: =IF(U7 + V6 < 0, U7 + V6, 0) -> 0 | W7: 0 | X7: =IF(W7 + X6 < 0, W7 + X6, 0) -> 0 | Y7: 0 | Z7: =IF(Y7 + Z6 < 0, Y7 + Z6, 0) -> 0 | AA7: 0 | AB7: =IF(AA7 + AB6 < 0, AA7 + AB6, 0) -> 0 | AC7: 0 | AD7: =IF(AC7 + AD6 < 0, AC7 + AD6, 0) -> 0 | AE7: 0 | AF7: =IF(AE7 + AF6 < 0, AE7 + AF6, 0) -> 0 | AG7: 0 | AH7: =IF(AG7 + AH6 < 0, AG7 + AH6, 0) -> 0 | AI7: 0 | AJ7: =IF(AI7 + AJ6 < 0, AI7 + AJ6, 0) -> 0 | AK7: 0 | AL7: =IF(AK7 + AL6 < 0, AK7 + AL6, 0) -> 0 | AM7: 0 | AN7: =IF(AM7 + AN6 < 0, AM7 + AN6, 0) -> 0 | AO7: 0 | AP7: =IF(AO7 + AP6 < 0, AO7 + AP6, 0) -> 0 | AQ7: 0 | AR7: =IF(AQ7 + AR6 < 0, AQ7 + AR6, 0) -> 0 | AS7: 0 | AT7: =IF(AS7 + AT6 < 0, AS7 + AT6, 0) -> 0 | AU7: 0 | AV7: =IF(AU7 + AV6 < 0, AU7 + AV6, 0) -> 0 | AW7: 0 | AX7: =IF(AW7 + AX6 < 0, AW7 + AX6, 0) -> 0 | AY7: 0 | AZ7: =IF(AY7 + AZ6 < 0, AY7 + AZ6, 0) -> 0 | BA7: 0 | BB7: =IF(BA7 + BB6 < 0, BA7 + BB6, 0) -> 0 | BC7: 0 | BD7: =IF(BC7 + BD6 < 0, BC7 + BD6, 0) -> 0 | BE7: 0 | BF7: =IF(BE7 + BF6 < 0, BE7 + BF6, 0) -> 0 | BG7: 0 | BH7: =IF(BG7 + BH6 < 0, BG7 + BH6, 0) -> 0 | BI7: 0 | BJ7: =IF(BI7 + BJ6 < 0, BI7 + BJ6, 0) -> 0 | BK7: 0 | BL7: =IF(BK7 + BL6 < 0, BK7 + BL6, 0) -> 0 | BM7: 0 | BN7: =IF(BM7 + BN6 < 0, BM7 + BN6, 0) -> 0 | BO7: 0 | BP7: =IF(BO7 + BP6 < 0, BO7 + BP6, 0) -> 0 | BQ7: 0 | BR7: =IF(BQ7 + BR6 < 0, BQ7 + BR6, 0) -> 0 | BS7: 0 | BT7: =IF(BS7 + BT6 < 0, BS7 + BT6, 0) -> 0 | BU7: 0 | BV7: =IF(BU7 + BV6 < 0, BU7 + BV6, 0) -> 0 | BW7: 0 | BX7: =IF(BW7 + BX6 < 0, BW7 + BX6, 0) -> 0 | BY7: 0 | BZ7: =IF(BY7 + BZ6 < 0, BY7 + BZ6, 0) -> 0 | CA7: 0 | CB7: =IF(CA7 + CB6 < 0, CA7 + CB6, 0) -> 0 | CC7: 0 | CD7: =IF(CC7 + CD6 < 0, CC7 + CD6, 0) -> 0 | CE7: 0 | CF7: =IF(CE7 + CF6 < 0, CE7 + CF6, 0) -> 0 | CG7: 0 | CH7: =IF(CG7 + CH6 < 0, CG7 + CH6, 0) -> 0 | CI7: 0 | CJ7: =IF(CI7 + CJ6 < 0, CI7 + CJ6, 0) -> 0 | CK7: 0 | CL7: =IF(CK7 + CL6 < 0, CK7 + CL6, 0) -> 0 | CM7: 0 | CN7: =IF(CM7 + CN6 < 0, CM7 + CN6, 0) -> 0 | CO7: 0 | CP7: =IF(CO7 + CP6 < 0, CO7 + CP6, 0) -> 0 | CQ7: 0 | CR7: =IF(CQ7 + CR6 < 0, CQ7 + CR6, 0) -> 0 | CS7: 0 | CT7: =IF(CS7 + CT6 < 0, CS7 + CT6, 0) -> 0 | CU7: 0 | CV7: =IF(CU7 + CV6 < 0, CU7 + CV6, 0) -> 0 | CW7: 0 | CX7: =IF(CW7 + CX6 < 0, CW7 + CX6, 0) -> 0 | CY7: 0 | CZ7: =IF(CY7 + CZ6 < 0, CY7 + CZ6, 0) -> 0 | DA7: 0 | DB7: =IF(DA7 + DB6 < 0, DA7 + DB6, 0) -> 0 | DC7: 0 | DD7: =IF(DC7 + DD6 < 0, DC7 + DD6, 0) -> 0 | DE7: 0 | DF7: =IF(DE7 + DF6 < 0, DE7 + DF6, 0) -> 0 | DG7: 0 | DH7: =IF(DG7 + DH6 < 0, DG7 + DH6, 0) -> 0 | DI7: 0 | DJ7: =IF(DI7 + DJ6 < 0, DI7 + DJ6, 0) -> 0 | DK7: 0 | DL7: =IF(DK7 + DL6 < 0, DK7 + DL6, 0) -> 0 | DM7: 0 | DN7: =IF(DM7 + DN6 < 0, DM7 + DN6, 0) -> 0 | DO7: 0 | DP7: =IF(DO7 + DP6 < 0, DO7 + DP6, 0) -> 0 | DQ7: 0 | DR7: =IF(DQ7 + DR6 < 0, DQ7 + DR6, 0) -> 0 | DS7: 0 | DT7: =IF(DS7 + DT6 < 0, DS7 + DT6, 0) -> 0 | DU7: 0 | DV7: =IF(DU7 + DV6 < 0, DU7 + DV6, 0) -> 0 | DW7: 0 | DX7: =IF(DW7 + DX6 < 0, DW7 + DX6, 0) -> 0 | DY7: 0 | DZ7: =IF(DY7 + DZ6 < 0, DY7 + DZ6, 0) -> 0 | EA7: 0 | EB7: =IF(EA7 + EB6 < 0, EA7 + EB6, 0) -> 0 | EC7: 0 | ED7: =IF(EC7 + ED6 < 0, EC7 + ED6, 0) -> 0 | EE7: 0 | EF7: =IF(EE7 + EF6 < 0, EE7 + EF6, 0) -> 0 | EG7: 0 | EH7: =IF(EG7 + EH6 < 0, EG7 + EH6, 0) -> 0 | EI7: 0 | EJ7: =IF(EI7 + EJ6 < 0, EI7 + EJ6, 0) -> 0 | EK7: 0 | EL7: =IF(EK7 + EL6 < 0, EK7 + EL6, 0) -> 0 | EM7: 0 | EN7: =IF(EM7 + EN6 < 0, EM7 + EN6, 0) -> 0 | EO7: 0 | EP7: =IF(EO7 + EP6 < 0, EO7 + EP6, 0) -> 0 | EQ7: 0 | ER7: =IF(EQ7 + ER6 < 0, EQ7 + ER6, 0) -> 0
A8: 45300 | B8: Tuesday | C8: 3 | D8: 4 | E8: -22301.663 | F8: =IF(E8 + F7 < 0, E8 + F7, 0) -> 0 | G8: -46647.691 | H8: =IF(G8 + H7 < 0, G8 + H7, 0) -> 0 | I8: -76683.496 | J8: =IF(I8 + J7 < 0, I8 + J7, 0) -> 0 | K8: 0 | L8: =IF(K8 + L7 < 0, K8 + L7, 0) -> 0 | M8: 0 | N8: =IF(M8 + N7 < 0, M8 + N7, 0) -> 0 | O8: 0 | P8: =IF(O8 + P7 < 0, O8 + P7, 0) -> 0 | Q8: 0 | R8: =IF(Q8 + R7 < 0, Q8 + R7, 0) -> 0 | S8: 0 | T8: =IF(S8 + T7 < 0, S8 + T7, 0) -> 0 | U8: 0 | V8: =IF(U8 + V7 < 0, U8 + V7, 0) -> 0 | W8: 0 | X8: =IF(W8 + X7 < 0, W8 + X7, 0) -> 0 | Y8: 0 | Z8: =IF(Y8 + Z7 < 0, Y8 + Z7, 0) -> 0 | AA8: 0 | AB8: =IF(AA8 + AB7 < 0, AA8 + AB7, 0) -> 0 | AC8: 0 | AD8: =IF(AC8 + AD7 < 0, AC8 + AD7, 0) -> 0 | AE8: 0 | AF8: =IF(AE8 + AF7 < 0, AE8 + AF7, 0) -> 0 | AG8: 0 | AH8: =IF(AG8 + AH7 < 0, AG8 + AH7, 0) -> 0 | AI8: 0 | AJ8: =IF(AI8 + AJ7 < 0, AI8 + AJ7, 0) -> 0 | AK8: 0 | AL8: =IF(AK8 + AL7 < 0, AK8 + AL7, 0) -> 0 | AM8: 0 | AN8: =IF(AM8 + AN7 < 0, AM8 + AN7, 0) -> 0 | AO8: 0 | AP8: =IF(AO8 + AP7 < 0, AO8 + AP7, 0) -> 0 | AQ8: 0 | AR8: =IF(AQ8 + AR7 < 0, AQ8 + AR7, 0) -> 0 | AS8: 0 | AT8: =IF(AS8 + AT7 < 0, AS8 + AT7, 0) -> 0 | AU8: 0 | AV8: =IF(AU8 + AV7 < 0, AU8 + AV7, 0) -> 0 | AW8: 0 | AX8: =IF(AW8 + AX7 < 0, AW8 + AX7, 0) -> 0 | AY8: 0 | AZ8: =IF(AY8 + AZ7 < 0, AY8 + AZ7, 0) -> 0 | BA8: 0 | BB8: =IF(BA8 + BB7 < 0, BA8 + BB7, 0) -> 0 | BC8: 0 | BD8: =IF(BC8 + BD7 < 0, BC8 + BD7, 0) -> 0 | BE8: 0 | BF8: =IF(BE8 + BF7 < 0, BE8 + BF7, 0) -> 0 | BG8: 0 | BH8: =IF(BG8 + BH7 < 0, BG8 + BH7, 0) -> 0 | BI8: 0 | BJ8: =IF(BI8 + BJ7 < 0, BI8 + BJ7, 0) -> 0 | BK8: 0 | BL8: =IF(BK8 + BL7 < 0, BK8 + BL7, 0) -> 0 | BM8: 0 | BN8: =IF(BM8 + BN7 < 0, BM8 + BN7, 0) -> 0 | BO8: 0 | BP8: =IF(BO8 + BP7 < 0, BO8 + BP7, 0) -> 0 | BQ8: 0 | BR8: =IF(BQ8 + BR7 < 0, BQ8 + BR7, 0) -> 0 | BS8: -119232.85 | BT8: =IF(BS8 + BT7 < 0, BS8 + BT7, 0) -> 0 | BU8: -66016.084 | BV8: =IF(BU8 + BV7 < 0, BU8 + BV7, 0) -> 0 | BW8: -57852.173 | BX8: =IF(BW8 + BX7 < 0, BW8 + BX7, 0) -> 0 | BY8: 0 | BZ8: =IF(BY8 + BZ7 < 0, BY8 + BZ7, 0) -> 0 | CA8: 0 | CB8: =IF(CA8 + CB7 < 0, CA8 + CB7, 0) -> 0 | CC8: 0 | CD8: =IF(CC8 + CD7 < 0, CC8 + CD7, 0) -> 0 | CE8: 0 | CF8: =IF(CE8 + CF7 < 0, CE8 + CF7, 0) -> 0 | CG8: 0 | CH8: =IF(CG8 + CH7 < 0, CG8 + CH7, 0) -> 0 | CI8: 0 | CJ8: =IF(CI8 + CJ7 < 0, CI8 + CJ7, 0) -> 0 | CK8: 0 | CL8: =IF(CK8 + CL7 < 0, CK8 + CL7, 0) -> 0 | CM8: 0 | CN8: =IF(CM8 + CN7 < 0, CM8 + CN7, 0) -> 0 | CO8: 0 | CP8: =IF(CO8 + CP7 < 0, CO8 + CP7, 0) -> 0 | CQ8: 0 | CR8: =IF(CQ8 + CR7 < 0, CQ8 + CR7, 0) -> 0 | CS8: 0 | CT8: =IF(CS8 + CT7 < 0, CS8 + CT7, 0) -> 0 | CU8: 0 | CV8: =IF(CU8 + CV7 < 0, CU8 + CV7, 0) -> 0 | CW8: 0 | CX8: =IF(CW8 + CX7 < 0, CW8 + CX7, 0) -> 0 | CY8: 0 | CZ8: =IF(CY8 + CZ7 < 0, CY8 + CZ7, 0) -> 0 | DA8: 0 | DB8: =IF(DA8 + DB7 < 0, DA8 + DB7, 0) -> 0 | DC8: 0 | DD8: =IF(DC8 + DD7 < 0, DC8 + DD7, 0) -> 0 | DE8: 0 | DF8: =IF(DE8 + DF7 < 0, DE8 + DF7, 0) -> 0 | DG8: 0 | DH8: =IF(DG8 + DH7 < 0, DG8 + DH7, 0) -> 0 | DI8: 0 | DJ8: =IF(DI8 + DJ7 < 0, DI8 + DJ7, 0) -> 0 | DK8: 0 | DL8: =IF(DK8 + DL7 < 0, DK8 + DL7, 0) -> 0 | DM8: 0 | DN8: =IF(DM8 + DN7 < 0, DM8 + DN7, 0) -> 0 | DO8: 0 | DP8: =IF(DO8 + DP7 < 0, DO8 + DP7, 0) -> 0 | DQ8: 0 | DR8: =IF(DQ8 + DR7 < 0, DQ8 + DR7, 0) -> 0 | DS8: 0 | DT8: =IF(DS8 + DT7 < 0, DS8 + DT7, 0) -> 0 | DU8: 0 | DV8: =IF(DU8 + DV7 < 0, DU8 + DV7, 0) -> 0 | DW8: 0 | DX8: =IF(DW8 + DX7 < 0, DW8 + DX7, 0) -> 0 | DY8: 0 | DZ8: =IF(DY8 + DZ7 < 0, DY8 + DZ7, 0) -> 0 | EA8: 0 | EB8: =IF(EA8 + EB7 < 0, EA8 + EB7, 0) -> 0 | EC8: 0 | ED8: =IF(EC8 + ED7 < 0, EC8 + ED7, 0) -> 0 | EE8: 0 | EF8: =IF(EE8 + EF7 < 0, EE8 + EF7, 0) -> 0 | EG8: 0 | EH8: =IF(EG8 + EH7 < 0, EG8 + EH7, 0) -> 0 | EI8: 0 | EJ8: =IF(EI8 + EJ7 < 0, EI8 + EJ7, 0) -> 0 | EK8: 0 | EL8: =IF(EK8 + EL7 < 0, EK8 + EL7, 0) -> 0 | EM8: 0 | EN8: =IF(EM8 + EN7 < 0, EM8 + EN7, 0) -> 0 | EO8: 0 | EP8: =IF(EO8 + EP7 < 0, EO8 + EP7, 0) -> 0 | EQ8: 0 | ER8: =IF(EQ8 + ER7 < 0, EQ8 + ER7, 0) -> 0
A9: 45301 | B9: Wednesday | C9: 2 | D9: 3 | E9: -98317.301 | F9: =IF(E9 + F8 < 0, E9 + F8, 0) -> 0 | G9: -130952.58 | H9: =IF(G9 + H8 < 0, G9 + H8, 0) -> 0 | I9: -106881.19 | J9: =IF(I9 + J8 < 0, I9 + J8, 0) -> 0 | K9: 0 | L9: =IF(K9 + L8 < 0, K9 + L8, 0) -> 0 | M9: 0 | N9: =IF(M9 + N8 < 0, M9 + N8, 0) -> 0 | O9: 0 | P9: =IF(O9 + P8 < 0, O9 + P8, 0) -> 0 | Q9: 0 | R9: =IF(Q9 + R8 < 0, Q9 + R8, 0) -> 0 | S9: 0 | T9: =IF(S9 + T8 < 0, S9 + T8, 0) -> 0 | U9: 0 | V9: =IF(U9 + V8 < 0, U9 + V8, 0) -> 0 | W9: 0 | X9: =IF(W9 + X8 < 0, W9 + X8, 0) -> 0 | Y9: 0 | Z9: =IF(Y9 + Z8 < 0, Y9 + Z8, 0) -> 0 | AA9: 0 | AB9: =IF(AA9 + AB8 < 0, AA9 + AB8, 0) -> 0 | AC9: 0 | AD9: =IF(AC9 + AD8 < 0, AC9 + AD8, 0) -> 0 | AE9: 0 | AF9: =IF(AE9 + AF8 < 0, AE9 + AF8, 0) -> 0 | AG9: 0 | AH9: =IF(AG9 + AH8 < 0, AG9 + AH8, 0) -> 0 | AI9: 0 | AJ9: =IF(AI9 + AJ8 < 0, AI9 + AJ8, 0) -> 0 | AK9: 0 | AL9: =IF(AK9 + AL8 < 0, AK9 + AL8, 0) -> 0 | AM9: 0 | AN9: =IF(AM9 + AN8 < 0, AM9 + AN8, 0) -> 0 | AO9: 0 | AP9: =IF(AO9 + AP8 < 0, AO9 + AP8, 0) -> 0 | AQ9: 0 | AR9: =IF(AQ9 + AR8 < 0, AQ9 + AR8, 0) -> 0 | AS9: 0 | AT9: =IF(AS9 + AT8 < 0, AS9 + AT8, 0) -> 0 | AU9: 0 | AV9: =IF(AU9 + AV8 < 0, AU9 + AV8, 0) -> 0 | AW9: 0 | AX9: =IF(AW9 + AX8 < 0, AW9 + AX8, 0) -> 0 | AY9: 0 | AZ9: =IF(AY9 + AZ8 < 0, AY9 + AZ8, 0) -> 0 | BA9: 0 | BB9: =IF(BA9 + BB8 < 0, BA9 + BB8, 0) -> 0 | BC9: 0 | BD9: =IF(BC9 + BD8 < 0, BC9 + BD8, 0) -> 0 | BE9: 0 | BF9: =IF(BE9 + BF8 < 0, BE9 + BF8, 0) -> 0 | BG9: 0 | BH9: =IF(BG9 + BH8 < 0, BG9 + BH8, 0) -> 0 | BI9: 0 | BJ9: =IF(BI9 + BJ8 < 0, BI9 + BJ8, 0) -> 0 | BK9: 0 | BL9: =IF(BK9 + BL8 < 0, BK9 + BL8, 0) -> 0 | BM9: 0 | BN9: =IF(BM9 + BN8 < 0, BM9 + BN8, 0) -> 0 | BO9: 0 | BP9: =IF(BO9 + BP8 < 0, BO9 + BP8, 0) -> 0 | BQ9: 0 | BR9: =IF(BQ9 + BR8 < 0, BQ9 + BR8, 0) -> 0 | BS9: -92161.777 | BT9: =IF(BS9 + BT8 < 0, BS9 + BT8, 0) -> 0 | BU9: -41438.521 | BV9: =IF(BU9 + BV8 < 0, BU9 + BV8, 0) -> 0 | BW9: -4789.9244 | BX9: =IF(BW9 + BX8 < 0, BW9 + BX8, 0) -> 0 | BY9: 0 | BZ9: =IF(BY9 + BZ8 < 0, BY9 + BZ8, 0) -> 0 | CA9: 0 | CB9: =IF(CA9 + CB8 < 0, CA9 + CB8, 0) -> 0 | CC9: 0 | CD9: =IF(CC9 + CD8 < 0, CC9 + CD8, 0) -> 0 | CE9: 0 | CF9: =IF(CE9 + CF8 < 0, CE9 + CF8, 0) -> 0 | CG9: 0 | CH9: =IF(CG9 + CH8 < 0, CG9 + CH8, 0) -> 0 | CI9: 0 | CJ9: =IF(CI9 + CJ8 < 0, CI9 + CJ8, 0) -> 0 | CK9: 0 | CL9: =IF(CK9 + CL8 < 0, CK9 + CL8, 0) -> 0 | CM9: 0 | CN9: =IF(CM9 + CN8 < 0, CM9 + CN8, 0) -> 0 | CO9: 0 | CP9: =IF(CO9 + CP8 < 0, CO9 + CP8, 0) -> 0 | CQ9: 0 | CR9: =IF(CQ9 + CR8 < 0, CQ9 + CR8, 0) -> 0 | CS9: 0 | CT9: =IF(CS9 + CT8 < 0, CS9 + CT8, 0) -> 0 | CU9: 0 | CV9: =IF(CU9 + CV8 < 0, CU9 + CV8, 0) -> 0 | CW9: 0 | CX9: =IF(CW9 + CX8 < 0, CW9 + CX8, 0) -> 0 | CY9: 0 | CZ9: =IF(CY9 + CZ8 < 0, CY9 + CZ8, 0) -> 0 | DA9: 0 | DB9: =IF(DA9 + DB8 < 0, DA9 + DB8, 0) -> 0 | DC9: 0 | DD9: =IF(DC9 + DD8 < 0, DC9 + DD8, 0) -> 0 | DE9: 0 | DF9: =IF(DE9 + DF8 < 0, DE9 + DF8, 0) -> 0 | DG9: 0 | DH9: =IF(DG9 + DH8 < 0, DG9 + DH8, 0) -> 0 | DI9: 0 | DJ9: =IF(DI9 + DJ8 < 0, DI9 + DJ8, 0) -> 0 | DK9: 0 | DL9: =IF(DK9 + DL8 < 0, DK9 + DL8, 0) -> 0 | DM9: 0 | DN9: =IF(DM9 + DN8 < 0, DM9 + DN8, 0) -> 0 | DO9: 0 | DP9: =IF(DO9 + DP8 < 0, DO9 + DP8, 0) -> 0 | DQ9: 0 | DR9: =IF(DQ9 + DR8 < 0, DQ9 + DR8, 0) -> 0 | DS9: 0 | DT9: =IF(DS9 + DT8 < 0, DS9 + DT8, 0) -> 0 | DU9: 0 | DV9: =IF(DU9 + DV8 < 0, DU9 + DV8, 0) -> 0 | DW9: 0 | DX9: =IF(DW9 + DX8 < 0, DW9 + DX8, 0) -> 0 | DY9: 0 | DZ9: =IF(DY9 + DZ8 < 0, DY9 + DZ8, 0) -> 0 | EA9: 0 | EB9: =IF(EA9 + EB8 < 0, EA9 + EB8, 0) -> 0 | EC9: 0 | ED9: =IF(EC9 + ED8 < 0, EC9 + ED8, 0) -> 0 | EE9: 0 | EF9: =IF(EE9 + EF8 < 0, EE9 + EF8, 0) -> 0 | EG9: 0 | EH9: =IF(EG9 + EH8 < 0, EG9 + EH8, 0) -> 0 | EI9: 0 | EJ9: =IF(EI9 + EJ8 < 0, EI9 + EJ8, 0) -> 0 | EK9: 0 | EL9: =IF(EK9 + EL8 < 0, EK9 + EL8, 0) -> 0 | EM9: 0 | EN9: =IF(EM9 + EN8 < 0, EM9 + EN8, 0) -> 0 | EO9: 0 | EP9: =IF(EO9 + EP8 < 0, EO9 + EP8, 0) -> 0 | EQ9: 0 | ER9: =IF(EQ9 + ER8 < 0, EQ9 + ER8, 0) -> 0
A10: 45302 | B10: Thursday | C10: 1 | D10: 2 | E10: 83634.654 | F10: =IF(E10 + F9 < 0, E10 + F9, 0) -> 0 | G10: 28126.971 | H10: =IF(G10 + H9 < 0, G10 + H9, 0) -> 0 | I10: 30469.947 | J10: =IF(I10 + J9 < 0, I10 + J9, 0) -> 0 | K10: 9146.6162 | L10: =IF(K10 + L9 < 0, K10 + L9, 0) -> 0 | M10: 9705.3258 | N10: =IF(M10 + N9 < 0, M10 + N9, 0) -> 0 | O10: 10128.864 | P10: =IF(O10 + P9 < 0, O10 + P9, 0) -> 0 | Q10: 9124.0876 | R10: =IF(Q10 + R9 < 0, Q10 + R9, 0) -> 0 | S10: 19032.171 | T10: =IF(S10 + T9 < 0, S10 + T9, 0) -> 0 | U10: 18896.999 | V10: =IF(U10 + V9 < 0, U10 + V9, 0) -> 0 | W10: 19122.285 | X10: =IF(W10 + X9 < 0, W10 + X9, 0) -> 0 | Y10: 6790.1235 | Z10: =IF(Y10 + Z9 < 0, Y10 + Z9, 0) -> 0 | AA10: 6587.366 | AB10: =IF(AA10 + AB9 < 0, AA10 + AB9, 0) -> 0 | AC10: 9502.5683 | AD10: =IF(AC10 + AD9 < 0, AC10 + AD9, 0) -> 0 | AE10: 9146.6162 | AF10: =IF(AE10 + AF9 < 0, AE10 + AF9, 0) -> 0 | AG10: 9705.3258 | AH10: =IF(AG10 + AH9 < 0, AG10 + AH9, 0) -> 0 | AI10: 10128.864 | AJ10: =IF(AI10 + AJ9 < 0, AI10 + AJ9, 0) -> 0 | AK10: 9124.0876 | AL10: =IF(AK10 + AL9 < 0, AK10 + AL9, 0) -> 0 | AM10: 19032.171 | AN10: =IF(AM10 + AN9 < 0, AM10 + AN9, 0) -> 0 | AO10: 18896.999 | AP10: =IF(AO10 + AP9 < 0, AO10 + AP9, 0) -> 0 | AQ10: 19122.285 | AR10: =IF(AQ10 + AR9 < 0, AQ10 + AR9, 0) -> 0 | AS10: 6790.1235 | AT10: =IF(AS10 + AT9 < 0, AS10 + AT9, 0) -> 0 | AU10: 6587.366 | AV10: =IF(AU10 + AV9 < 0, AU10 + AV9, 0) -> 0 | AW10: 9502.5683 | AX10: =IF(AW10 + AX9 < 0, AW10 + AX9, 0) -> 0 | AY10: -1459.854 | AZ10: =IF(AY10 + AZ9 < 0, AY10 + AZ9, 0) -> 0 | BA10: -1464.3597 | BB10: =IF(BA10 + BB9 < 0, BA10 + BB9, 0) -> 0 | BC10: -1468.8655 | BD10: =IF(BC10 + BD9 < 0, BC10 + BD9, 0) -> 0 | BE10: -1459.854 | BF10: =IF(BE10 + BF9 < 0, BE10 + BF9, 0) -> 0 | BG10: -1459.854 | BH10: =IF(BG10 + BH9 < 0, BG10 + BH9, 0) -> 0 | BI10: -1459.854 | BJ10: =IF(BI10 + BJ9 < 0, BI10 + BJ9, 0) -> 0 | BK10: -1464.3597 | BL10: =IF(BK10 + BL9 < 0, BK10 + BL9, 0) -> 0 | BM10: 6790.1235 | BN10: =IF(BM10 + BN9 < 0, BM10 + BN9, 0) -> 0 | BO10: 6587.366 | BP10: =IF(BO10 + BP9 < 0, BO10 + BP9, 0) -> 0 | BQ10: -1473.3712 | BR10: =IF(BQ10 + BR9 < 0, BQ10 + BR9, 0) -> 0 | BS10: 0 | BT10: =IF(BS10 + BT9 < 0, BS10 + BT9, 0) -> 0 | BU10: 0 | BV10: =IF(BU10 + BV9 < 0, BU10 + BV9, 0) -> 0 | BW10: 0 | BX10: =IF(BW10 + BX9 < 0, BW10 + BX9, 0) -> 0 | BY10: 29148.628 | BZ10: =IF(BY10 + BZ9 < 0, BY10 + BZ9, 0) -> 0 | CA10: 27072.546 | CB10: =IF(CA10 + CB9 < 0, CA10 + CB9, 0) -> 0 | CC10: 3451.9008 | CD10: =IF(CC10 + CD9 < 0, CC10 + CD9, 0) -> 0 | CE10: 0 | CF10: =IF(CE10 + CF9 < 0, CE10 + CF9, 0) -> 0 | CG10: 0 | CH10: =IF(CG10 + CH9 < 0, CG10 + CH9, 0) -> 0 | CI10: 0 | CJ10: =IF(CI10 + CJ9 < 0, CI10 + CJ9, 0) -> 0 | CK10: 0 | CL10: =IF(CK10 + CL9 < 0, CK10 + CL9, 0) -> 0 | CM10: 0 | CN10: =IF(CM10 + CN9 < 0, CM10 + CN9, 0) -> 0 | CO10: 0 | CP10: =IF(CO10 + CP9 < 0, CO10 + CP9, 0) -> 0 | CQ10: 0 | CR10: =IF(CQ10 + CR9 < 0, CQ10 + CR9, 0) -> 0 | CS10: 0 | CT10: =IF(CS10 + CT9 < 0, CS10 + CT9, 0) -> 0 | CU10: 0 | CV10: =IF(CU10 + CV9 < 0, CU10 + CV9, 0) -> 0 | CW10: 0 | CX10: =IF(CW10 + CX9 < 0, CW10 + CX9, 0) -> 0 | CY10: 0 | CZ10: =IF(CY10 + CZ9 < 0, CY10 + CZ9, 0) -> 0 | DA10: 0 | DB10: =IF(DA10 + DB9 < 0, DA10 + DB9, 0) -> 0 | DC10: 0 | DD10: =IF(DC10 + DD9 < 0, DC10 + DD9, 0) -> 0 | DE10: 0 | DF10: =IF(DE10 + DF9 < 0, DE10 + DF9, 0) -> 0 | DG10: 0 | DH10: =IF(DG10 + DH9 < 0, DG10 + DH9, 0) -> 0 | DI10: 0 | DJ10: =IF(DI10 + DJ9 < 0, DI10 + DJ9, 0) -> 0 | DK10: 0 | DL10: =IF(DK10 + DL9 < 0, DK10 + DL9, 0) -> 0 | DM10: 0 | DN10: =IF(DM10 + DN9 < 0, DM10 + DN9, 0) -> 0 | DO10: 0 | DP10: =IF(DO10 + DP9 < 0, DO10 + DP9, 0) -> 0 | DQ10: 0 | DR10: =IF(DQ10 + DR9 < 0, DQ10 + DR9, 0) -> 0 | DS10: 0 | DT10: =IF(DS10 + DT9 < 0, DS10 + DT9, 0) -> 0 | DU10: 0 | DV10: =IF(DU10 + DV9 < 0, DU10 + DV9, 0) -> 0 | DW10: 0 | DX10: =IF(DW10 + DX9 < 0, DW10 + DX9, 0) -> 0 | DY10: 0 | DZ10: =IF(DY10 + DZ9 < 0, DY10 + DZ9, 0) -> 0 | EA10: 0 | EB10: =IF(EA10 + EB9 < 0, EA10 + EB9, 0) -> 0 | EC10: 0 | ED10: =IF(EC10 + ED9 < 0, EC10 + ED9, 0) -> 0 | EE10: 0 | EF10: =IF(EE10 + EF9 < 0, EE10 + EF9, 0) -> 0 | EG10: 0 | EH10: =IF(EG10 + EH9 < 0, EG10 + EH9, 0) -> 0 | EI10: 0 | EJ10: =IF(EI10 + EJ9 < 0, EI10 + EJ9, 0) -> 0 | EK10: 0 | EL10: =IF(EK10 + EL9 < 0, EK10 + EL9, 0) -> 0 | EM10: -23838.148 | EN10: =IF(EM10 + EN9 < 0, EM10 + EN9, 0) -> 0 | EO10: 85658.674 | EP10: =IF(EO10 + EP9 < 0, EO10 + EP9, 0) -> 0 | EQ10: 63765.58 | ER10: =IF(EQ10 + ER9 < 0, EQ10 + ER9, 0) -> 0
A11: 45303 | B11: Friday | C11: 5 | D11: 1 | E11: 0 | F11: =IF(E11 + F10 < 0, E11 + F10, 0) -> 0 | G11: 0 | H11: =IF(G11 + H10 < 0, G11 + H10, 0) -> 0 | I11: 0 | J11: =IF(I11 + J10 < 0, I11 + J10, 0) -> 0 | K11: 0 | L11: =IF(K11 + L10 < 0, K11 + L10, 0) -> 0 | M11: 0 | N11: =IF(M11 + N10 < 0, M11 + N10, 0) -> 0 | O11: 0 | P11: =IF(O11 + P10 < 0, O11 + P10, 0) -> 0 | Q11: 0 | R11: =IF(Q11 + R10 < 0, Q11 + R10, 0) -> 0 | S11: 0 | T11: =IF(S11 + T10 < 0, S11 + T10, 0) -> 0 | U11: 0 | V11: =IF(U11 + V10 < 0, U11 + V10, 0) -> 0 | W11: 0 | X11: =IF(W11 + X10 < 0, W11 + X10, 0) -> 0 | Y11: 0 | Z11: =IF(Y11 + Z10 < 0, Y11 + Z10, 0) -> 0 | AA11: 0 | AB11: =IF(AA11 + AB10 < 0, AA11 + AB10, 0) -> 0 | AC11: 0 | AD11: =IF(AC11 + AD10 < 0, AC11 + AD10, 0) -> 0 | AE11: 0 | AF11: =IF(AE11 + AF10 < 0, AE11 + AF10, 0) -> 0 | AG11: 0 | AH11: =IF(AG11 + AH10 < 0, AG11 + AH10, 0) -> 0 | AI11: 0 | AJ11: =IF(AI11 + AJ10 < 0, AI11 + AJ10, 0) -> 0 | AK11: 0 | AL11: =IF(AK11 + AL10 < 0, AK11 + AL10, 0) -> 0 | AM11: 0 | AN11: =IF(AM11 + AN10 < 0, AM11 + AN10, 0) -> 0 | AO11: 0 | AP11: =IF(AO11 + AP10 < 0, AO11 + AP10, 0) -> 0 | AQ11: 0 | AR11: =IF(AQ11 + AR10 < 0, AQ11 + AR10, 0) -> 0 | AS11: 0 | AT11: =IF(AS11 + AT10 < 0, AS11 + AT10, 0) -> 0 | AU11: 0 | AV11: =IF(AU11 + AV10 < 0, AU11 + AV10, 0) -> 0 | AW11: 0 | AX11: =IF(AW11 + AX10 < 0, AW11 + AX10, 0) -> 0 | AY11: 0 | AZ11: =IF(AY11 + AZ10 < 0, AY11 + AZ10, 0) -> 0 | BA11: 0 | BB11: =IF(BA11 + BB10 < 0, BA11 + BB10, 0) -> 0 | BC11: 0 | BD11: =IF(BC11 + BD10 < 0, BC11 + BD10, 0) -> 0 | BE11: 0 | BF11: =IF(BE11 + BF10 < 0, BE11 + BF10, 0) -> 0 | BG11: 0 | BH11: =IF(BG11 + BH10 < 0, BG11 + BH10, 0) -> 0 | BI11: 0 | BJ11: =IF(BI11 + BJ10 < 0, BI11 + BJ10, 0) -> 0 | BK11: 0 | BL11: =IF(BK11 + BL10 < 0, BK11 + BL10, 0) -> 0 | BM11: 0 | BN11: =IF(BM11 + BN10 < 0, BM11 + BN10, 0) -> 0 | BO11: 0 | BP11: =IF(BO11 + BP10 < 0, BO11 + BP10, 0) -> 0 | BQ11: 0 | BR11: =IF(BQ11 + BR10 < 0, BQ11 + BR10, 0) -> 0 | BS11: 0 | BT11: =IF(BS11 + BT10 < 0, BS11 + BT10, 0) -> 0 | BU11: 0 | BV11: =IF(BU11 + BV10 < 0, BU11 + BV10, 0) -> 0 | BW11: 0 | BX11: =IF(BW11 + BX10 < 0, BW11 + BX10, 0) -> 0 | BY11: 157755.87 | BZ11: =IF(BY11 + BZ10 < 0, BY11 + BZ10, 0) -> 0 | CA11: 134220.84 | CB11: =IF(CA11 + CB10 < 0, CA11 + CB10, 0) -> 0 | CC11: 108321.17 | CD11: =IF(CC11 + CD10 < 0, CC11 + CD10, 0) -> 0 | CE11: -17939.191 | CF11: =IF(CE11 + CF10 < 0, CE11 + CF10, 0) -> 0 | CG11: -17931.025 | CH11: =IF(CG11 + CH10 < 0, CG11 + CH10, 0) -> 0 | CI11: -14982.018 | CJ11: =IF(CI11 + CJ10 < 0, CI11 + CJ10, 0) -> 0 | CK11: -15466.02 | CL11: =IF(CK11 + CL10 < 0, CK11 + CL10, 0) -> 0 | CM11: -14982.869 | CN11: =IF(CM11 + CN10 < 0, CM11 + CN10, 0) -> 0 | CO11: -14975.128 | CP11: =IF(CO11 + CP10 < 0, CO11 + CP10, 0) -> 0 | CQ11: -12203.985 | CR11: =IF(CQ11 + CR10 < 0, CQ11 + CR10, 0) -> 0 | CS11: -15433.441 | CT11: =IF(CS11 + CT10 < 0, CS11 + CT10, 0) -> 0 | CU11: -15284.498 | CV11: =IF(CU11 + CV10 < 0, CU11 + CV10, 0) -> 0 | CW11: -15514.079 | CX11: =IF(CW11 + CX10 < 0, CW11 + CX10, 0) -> 0 | CY11: -17939.191 | CZ11: =IF(CY11 + CZ10 < 0, CY11 + CZ10, 0) -> 0 | DA11: -17931.025 | DB11: =IF(DA11 + DB10 < 0, DA11 + DB10, 0) -> 0 | DC11: -14982.018 | DD11: =IF(DC11 + DD10 < 0, DC11 + DD10, 0) -> 0 | DE11: -15466.02 | DF11: =IF(DE11 + DF10 < 0, DE11 + DF10, 0) -> 0 | DG11: -14982.869 | DH11: =IF(DG11 + DH10 < 0, DG11 + DH10, 0) -> 0 | DI11: -14975.128 | DJ11: =IF(DI11 + DJ10 < 0, DI11 + DJ10, 0) -> 0 | DK11: -12203.985 | DL11: =IF(DK11 + DL10 < 0, DK11 + DL10, 0) -> 0 | DM11: -15433.441 | DN11: =IF(DM11 + DN10 < 0, DM11 + DN10, 0) -> 0 | DO11: -15284.498 | DP11: =IF(DO11 + DP10 < 0, DO11 + DP10, 0) -> 0 | DQ11: -15514.079 | DR11: =IF(DQ11 + DR10 < 0, DQ11 + DR10, 0) -> 0 | DS11: -15319.288 | DT11: =IF(DS11 + DT10 < 0, DS11 + DT10, 0) -> 0 | DU11: -16265.175 | DV11: =IF(DU11 + DV10 < 0, DU11 + DV10, 0) -> 0 | DW11: -16235.233 | DX11: =IF(DW11 + DX10 < 0, DW11 + DX10, 0) -> 0 | DY11: -16263.814 | DZ11: =IF(DY11 + DZ10 < 0, DY11 + DZ10, 0) -> 0 | EA11: -16236.594 | EB11: =IF(EA11 + EB10 < 0, EA11 + EB10, 0) -> 0 | EC11: -16236.594 | ED11: =IF(EC11 + ED10 < 0, EC11 + ED10, 0) -> 0 | EE11: -16261.092 | EF11: =IF(EE11 + EF10 < 0, EE11 + EF10, 0) -> 0 | EG11: -16263.814 | EH11: =IF(EG11 + EH10 < 0, EG11 + EH10, 0) -> 0 | EI11: -18629.212 | EJ11: =IF(EI11 + EJ10 < 0, EI11 + EJ10, 0) -> 0 | EK11: -16266.536 | EL11: =IF(EK11 + EL10 < 0, EK11 + EL10, 0) -> 0 | EM11: 0 | EN11: =IF(EM11 + EN10 < 0, EM11 + EN10, 0) -> 0 | EO11: 0 | EP11: =IF(EO11 + EP10 < 0, EO11 + EP10, 0) -> 0 | EQ11: 0 | ER11: =IF(EQ11 + ER10 < 0, EQ11 + ER10, 0) -> 0
A12: 45306 | B12: Monday | C12: 4 | D12: 5 | E12: 0 | F12: =IF(E12 + F11 < 0, E12 + F11, 0) -> 0 | G12: 0 | H12: =IF(G12 + H11 < 0, G12 + H11, 0) -> 0 | I12: 0 | J12: =IF(I12 + J11 < 0, I12 + J11, 0) -> 0 | K12: 0 | L12: =IF(K12 + L11 < 0, K12 + L11, 0) -> 0 | M12: 0 | N12: =IF(M12 + N11 < 0, M12 + N11, 0) -> 0 | O12: 0 | P12: =IF(O12 + P11 < 0, O12 + P11, 0) -> 0 | Q12: 0 | R12: =IF(Q12 + R11 < 0, Q12 + R11, 0) -> 0 | S12: 0 | T12: =IF(S12 + T11 < 0, S12 + T11, 0) -> 0 | U12: 0 | V12: =IF(U12 + V11 < 0, U12 + V11, 0) -> 0 | W12: 0 | X12: =IF(W12 + X11 < 0, W12 + X11, 0) -> 0 | Y12: 0 | Z12: =IF(Y12 + Z11 < 0, Y12 + Z11, 0) -> 0 | AA12: 0 | AB12: =IF(AA12 + AB11 < 0, AA12 + AB11, 0) -> 0 | AC12: 0 | AD12: =IF(AC12 + AD11 < 0, AC12 + AD11, 0) -> 0 | AE12: 0 | AF12: =IF(AE12 + AF11 < 0, AE12 + AF11, 0) -> 0 | AG12: 0 | AH12: =IF(AG12 + AH11 < 0, AG12 + AH11, 0) -> 0 | AI12: 0 | AJ12: =IF(AI12 + AJ11 < 0, AI12 + AJ11, 0) -> 0 | AK12: 0 | AL12: =IF(AK12 + AL11 < 0, AK12 + AL11, 0) -> 0 | AM12: 0 | AN12: =IF(AM12 + AN11 < 0, AM12 + AN11, 0) -> 0 | AO12: 0 | AP12: =IF(AO12 + AP11 < 0, AO12 + AP11, 0) -> 0 | AQ12: 0 | AR12: =IF(AQ12 + AR11 < 0, AQ12 + AR11, 0) -> 0 | AS12: 0 | AT12: =IF(AS12 + AT11 < 0, AS12 + AT11, 0) -> 0 | AU12: 0 | AV12: =IF(AU12 + AV11 < 0, AU12 + AV11, 0) -> 0 | AW12: 0 | AX12: =IF(AW12 + AX11 < 0, AW12 + AX11, 0) -> 0 | AY12: 0 | AZ12: =IF(AY12 + AZ11 < 0, AY12 + AZ11, 0) -> 0 | BA12: 0 | BB12: =IF(BA12 + BB11 < 0, BA12 + BB11, 0) -> 0 | BC12: 0 | BD12: =IF(BC12 + BD11 < 0, BC12 + BD11, 0) -> 0 | BE12: 0 | BF12: =IF(BE12 + BF11 < 0, BE12 + BF11, 0) -> 0 | BG12: 0 | BH12: =IF(BG12 + BH11 < 0, BG12 + BH11, 0) -> 0 | BI12: 0 | BJ12: =IF(BI12 + BJ11 < 0, BI12 + BJ11, 0) -> 0 | BK12: 0 | BL12: =IF(BK12 + BL11 < 0, BK12 + BL11, 0) -> 0 | BM12: 0 | BN12: =IF(BM12 + BN11 < 0, BM12 + BN11, 0) -> 0 | BO12: 0 | BP12: =IF(BO12 + BP11 < 0, BO12 + BP11, 0) -> 0 | BQ12: 0 | BR12: =IF(BQ12 + BR11 < 0, BQ12 + BR11, 0) -> 0 | BS12: 0 | BT12: =IF(BS12 + BT11 < 0, BS12 + BT11, 0) -> 0 | BU12: 0 | BV12: =IF(BU12 + BV11 < 0, BU12 + BV11, 0) -> 0 | BW12: 0 | BX12: =IF(BW12 + BX11 < 0, BW12 + BX11, 0) -> 0 | BY12: 0 | BZ12: =IF(BY12 + BZ11 < 0, BY12 + BZ11, 0) -> 0 | CA12: 0 | CB12: =IF(CA12 + CB11 < 0, CA12 + CB11, 0) -> 0 | CC12: 0 | CD12: =IF(CC12 + CD11 < 0, CC12 + CD11, 0) -> 0 | CE12: 0 | CF12: =IF(CE12 + CF11 < 0, CE12 + CF11, 0) -> 0 | CG12: 0 | CH12: =IF(CG12 + CH11 < 0, CG12 + CH11, 0) -> 0 | CI12: 0 | CJ12: =IF(CI12 + CJ11 < 0, CI12 + CJ11, 0) -> 0 | CK12: 0 | CL12: =IF(CK12 + CL11 < 0, CK12 + CL11, 0) -> 0 | CM12: 0 | CN12: =IF(CM12 + CN11 < 0, CM12 + CN11, 0) -> 0 | CO12: 0 | CP12: =IF(CO12 + CP11 < 0, CO12 + CP11, 0) -> 0 | CQ12: 0 | CR12: =IF(CQ12 + CR11 < 0, CQ12 + CR11, 0) -> 0 | CS12: 0 | CT12: =IF(CS12 + CT11 < 0, CS12 + CT11, 0) -> 0 | CU12: 0 | CV12: =IF(CU12 + CV11 < 0, CU12 + CV11, 0) -> 0 | CW12: 0 | CX12: =IF(CW12 + CX11 < 0, CW12 + CX11, 0) -> 0 | CY12: 0 | CZ12: =IF(CY12 + CZ11 < 0, CY12 + CZ11, 0) -> 0 | DA12: 0 | DB12: =IF(DA12 + DB11 < 0, DA12 + DB11, 0) -> 0 | DC12: 0 | DD12: =IF(DC12 + DD11 < 0, DC12 + DD11, 0) -> 0 | DE12: 0 | DF12: =IF(DE12 + DF11 < 0, DE12 + DF11, 0) -> 0 | DG12: 0 | DH12: =IF(DG12 + DH11 < 0, DG12 + DH11, 0) -> 0 | DI12: 0 | DJ12: =IF(DI12 + DJ11 < 0, DI12 + DJ11, 0) -> 0 | DK12: 0 | DL12: =IF(DK12 + DL11 < 0, DK12 + DL11, 0) -> 0 | DM12: 0 | DN12: =IF(DM12 + DN11 < 0, DM12 + DN11, 0) -> 0 | DO12: 0 | DP12: =IF(DO12 + DP11 < 0, DO12 + DP11, 0) -> 0 | DQ12: 0 | DR12: =IF(DQ12 + DR11 < 0, DQ12 + DR11, 0) -> 0 | DS12: 0 | DT12: =IF(DS12 + DT11 < 0, DS12 + DT11, 0) -> 0 | DU12: 0 | DV12: =IF(DU12 + DV11 < 0, DU12 + DV11, 0) -> 0 | DW12: 0 | DX12: =IF(DW12 + DX11 < 0, DW12 + DX11, 0) -> 0 | DY12: 0 | DZ12: =IF(DY12 + DZ11 < 0, DY12 + DZ11, 0) -> 0 | EA12: 0 | EB12: =IF(EA12 + EB11 < 0, EA12 + EB11, 0) -> 0 | EC12: 0 | ED12: =IF(EC12 + ED11 < 0, EC12 + ED11, 0) -> 0 | EE12: 0 | EF12: =IF(EE12 + EF11 < 0, EE12 + EF11, 0) -> 0 | EG12: 0 | EH12: =IF(EG12 + EH11 < 0, EG12 + EH11, 0) -> 0 | EI12: 0 | EJ12: =IF(EI12 + EJ11 < 0, EI12 + EJ11, 0) -> 0 | EK12: 0 | EL12: =IF(EK12 + EL11 < 0, EK12 + EL11, 0) -> 0 | EM12: 0 | EN12: =IF(EM12 + EN11 < 0, EM12 + EN11, 0) -> 0 | EO12: 0 | EP12: =IF(EO12 + EP11 < 0, EO12 + EP11, 0) -> 0 | EQ12: 0 | ER12: =IF(EQ12 + ER11 < 0, EQ12 + ER11, 0) -> 0
A13: 45307 | B13: Tuesday | C13: 3 | D13: 4 | E13: -71815.109 | F13: =IF(E13 + F12 < 0, E13 + F12, 0) -> 0 | G13: -57245.617 | H13: =IF(G13 + H12 < 0, G13 + H12, 0) -> 0 | I13: -43614.122 | J13: =IF(I13 + J12 < 0, I13 + J12, 0) -> 0 | K13: 0 | L13: =IF(K13 + L12 < 0, K13 + L12, 0) -> 0 | M13: 0 | N13: =IF(M13 + N12 < 0, M13 + N12, 0) -> 0 | O13: 0 | P13: =IF(O13 + P12 < 0, O13 + P12, 0) -> 0 | Q13: 0 | R13: =IF(Q13 + R12 < 0, Q13 + R12, 0) -> 0 | S13: 0 | T13: =IF(S13 + T12 < 0, S13 + T12, 0) -> 0 | U13: 0 | V13: =IF(U13 + V12 < 0, U13 + V12, 0) -> 0 | W13: 0 | X13: =IF(W13 + X12 < 0, W13 + X12, 0) -> 0 | Y13: 0 | Z13: =IF(Y13 + Z12 < 0, Y13 + Z12, 0) -> 0 | AA13: 0 | AB13: =IF(AA13 + AB12 < 0, AA13 + AB12, 0) -> 0 | AC13: 0 | AD13: =IF(AC13 + AD12 < 0, AC13 + AD12, 0) -> 0 | AE13: 0 | AF13: =IF(AE13 + AF12 < 0, AE13 + AF12, 0) -> 0 | AG13: 0 | AH13: =IF(AG13 + AH12 < 0, AG13 + AH12, 0) -> 0 | AI13: 0 | AJ13: =IF(AI13 + AJ12 < 0, AI13 + AJ12, 0) -> 0 | AK13: 0 | AL13: =IF(AK13 + AL12 < 0, AK13 + AL12, 0) -> 0 | AM13: 0 | AN13: =IF(AM13 + AN12 < 0, AM13 + AN12, 0) -> 0 | AO13: 0 | AP13: =IF(AO13 + AP12 < 0, AO13 + AP12, 0) -> 0 | AQ13: 0 | AR13: =IF(AQ13 + AR12 < 0, AQ13 + AR12, 0) -> 0 | AS13: 0 | AT13: =IF(AS13 + AT12 < 0, AS13 + AT12, 0) -> 0 | AU13: 0 | AV13: =IF(AU13 + AV12 < 0, AU13 + AV12, 0) -> 0 | AW13: 0 | AX13: =IF(AW13 + AX12 < 0, AW13 + AX12, 0) -> 0 | AY13: 0 | AZ13: =IF(AY13 + AZ12 < 0, AY13 + AZ12, 0) -> 0 | BA13: 0 | BB13: =IF(BA13 + BB12 < 0, BA13 + BB12, 0) -> 0 | BC13: 0 | BD13: =IF(BC13 + BD12 < 0, BC13 + BD12, 0) -> 0 | BE13: 0 | BF13: =IF(BE13 + BF12 < 0, BE13 + BF12, 0) -> 0 | BG13: 0 | BH13: =IF(BG13 + BH12 < 0, BG13 + BH12, 0) -> 0 | BI13: 0 | BJ13: =IF(BI13 + BJ12 < 0, BI13 + BJ12, 0) -> 0 | BK13: 0 | BL13: =IF(BK13 + BL12 < 0, BK13 + BL12, 0) -> 0 | BM13: 0 | BN13: =IF(BM13 + BN12 < 0, BM13 + BN12, 0) -> 0 | BO13: 0 | BP13: =IF(BO13 + BP12 < 0, BO13 + BP12, 0) -> 0 | BQ13: 0 | BR13: =IF(BQ13 + BR12 < 0, BQ13 + BR12, 0) -> 0 | BS13: 132098.93 | BT13: =IF(BS13 + BT12 < 0, BS13 + BT12, 0) -> 0 | BU13: 119475.16 | BV13: =IF(BU13 + BV12 < 0, BU13 + BV12, 0) -> 0 | BW13: 87638.204 | BX13: =IF(BW13 + BX12 < 0, BW13 + BX12, 0) -> 0 | BY13: 0 | BZ13: =IF(BY13 + BZ12 < 0, BY13 + BZ12, 0) -> 0 | CA13: 0 | CB13: =IF(CA13 + CB12 < 0, CA13 + CB12, 0) -> 0 | CC13: 0 | CD13: =IF(CC13 + CD12 < 0, CC13 + CD12, 0) -> 0 | CE13: 0 | CF13: =IF(CE13 + CF12 < 0, CE13 + CF12, 0) -> 0 | CG13: 0 | CH13: =IF(CG13 + CH12 < 0, CG13 + CH12, 0) -> 0 | CI13: 0 | CJ13: =IF(CI13 + CJ12 < 0, CI13 + CJ12, 0) -> 0 | CK13: 0 | CL13: =IF(CK13 + CL12 < 0, CK13 + CL12, 0) -> 0 | CM13: 0 | CN13: =IF(CM13 + CN12 < 0, CM13 + CN12, 0) -> 0 | CO13: 0 | CP13: =IF(CO13 + CP12 < 0, CO13 + CP12, 0) -> 0 | CQ13: 0 | CR13: =IF(CQ13 + CR12 < 0, CQ13 + CR12, 0) -> 0 | CS13: 0 | CT13: =IF(CS13 + CT12 < 0, CS13 + CT12, 0) -> 0 | CU13: 0 | CV13: =IF(CU13 + CV12 < 0, CU13 + CV12, 0) -> 0 | CW13: 0 | CX13: =IF(CW13 + CX12 < 0, CW13 + CX12, 0) -> 0 | CY13: 0 | CZ13: =IF(CY13 + CZ12 < 0, CY13 + CZ12, 0) -> 0 | DA13: 0 | DB13: =IF(DA13 + DB12 < 0, DA13 + DB12, 0) -> 0 | DC13: 0 | DD13: =IF(DC13 + DD12 < 0, DC13 + DD12, 0) -> 0 | DE13: 0 | DF13: =IF(DE13 + DF12 < 0, DE13 + DF12, 0) -> 0 | DG13: 0 | DH13: =IF(DG13 + DH12 < 0, DG13 + DH12, 0) -> 0 | DI13: 0 | DJ13: =IF(DI13 + DJ12 < 0, DI13 + DJ12, 0) -> 0 | DK13: 0 | DL13: =IF(DK13 + DL12 < 0, DK13 + DL12, 0) -> 0 | DM13: 0 | DN13: =IF(DM13 + DN12 < 0, DM13 + DN12, 0) -> 0 | DO13: 0 | DP13: =IF(DO13 + DP12 < 0, DO13 + DP12, 0) -> 0 | DQ13: 0 | DR13: =IF(DQ13 + DR12 < 0, DQ13 + DR12, 0) -> 0 | DS13: 0 | DT13: =IF(DS13 + DT12 < 0, DS13 + DT12, 0) -> 0 | DU13: 0 | DV13: =IF(DU13 + DV12 < 0, DU13 + DV12, 0) -> 0 | DW13: 0 | DX13: =IF(DW13 + DX12 < 0, DW13 + DX12, 0) -> 0 | DY13: 0 | DZ13: =IF(DY13 + DZ12 < 0, DY13 + DZ12, 0) -> 0 | EA13: 0 | EB13: =IF(EA13 + EB12 < 0, EA13 + EB12, 0) -> 0 | EC13: 0 | ED13: =IF(EC13 + ED12 < 0, EC13 + ED12, 0) -> 0 | EE13: 0 | EF13: =IF(EE13 + EF12 < 0, EE13 + EF12, 0) -> 0 | EG13: 0 | EH13: =IF(EG13 + EH12 < 0, EG13 + EH12, 0) -> 0 | EI13: 0 | EJ13: =IF(EI13 + EJ12 < 0, EI13 + EJ12, 0) -> 0 | EK13: 0 | EL13: =IF(EK13 + EL12 < 0, EK13 + EL12, 0) -> 0 | EM13: 0 | EN13: =IF(EM13 + EN12 < 0, EM13 + EN12, 0) -> 0 | EO13: 0 | EP13: =IF(EO13 + EP12 < 0, EO13 + EP12, 0) -> 0 | EQ13: 0 | ER13: =IF(EQ13 + ER12 < 0, EQ13 + ER12, 0) -> 0
A14: 45308 | B14: Wednesday | C14: 2 | D14: 3 | E14: 139295.27 | F14: =IF(E14 + F13 < 0, E14 + F13, 0) -> 0 | G14: 121082.29 | H14: =IF(G14 + H13 < 0, G14 + H13, 0) -> 0 | I14: 114729.77 | J14: =IF(I14 + J13 < 0, I14 + J13, 0) -> 0 | K14: 0 | L14: =IF(K14 + L13 < 0, K14 + L13, 0) -> 0 | M14: 0 | N14: =IF(M14 + N13 < 0, M14 + N13, 0) -> 0 | O14: 0 | P14: =IF(O14 + P13 < 0, O14 + P13, 0) -> 0 | Q14: 0 | R14: =IF(Q14 + R13 < 0, Q14 + R13, 0) -> 0 | S14: 0 | T14: =IF(S14 + T13 < 0, S14 + T13, 0) -> 0 | U14: 0 | V14: =IF(U14 + V13 < 0, U14 + V13, 0) -> 0 | W14: 0 | X14: =IF(W14 + X13 < 0, W14 + X13, 0) -> 0 | Y14: 0 | Z14: =IF(Y14 + Z13 < 0, Y14 + Z13, 0) -> 0 | AA14: 0 | AB14: =IF(AA14 + AB13 < 0, AA14 + AB13, 0) -> 0 | AC14: 0 | AD14: =IF(AC14 + AD13 < 0, AC14 + AD13, 0) -> 0 | AE14: 0 | AF14: =IF(AE14 + AF13 < 0, AE14 + AF13, 0) -> 0 | AG14: 0 | AH14: =IF(AG14 + AH13 < 0, AG14 + AH13, 0) -> 0 | AI14: 0 | AJ14: =IF(AI14 + AJ13 < 0, AI14 + AJ13, 0) -> 0 | AK14: 0 | AL14: =IF(AK14 + AL13 < 0, AK14 + AL13, 0) -> 0 | AM14: 0 | AN14: =IF(AM14 + AN13 < 0, AM14 + AN13, 0) -> 0 | AO14: 0 | AP14: =IF(AO14 + AP13 < 0, AO14 + AP13, 0) -> 0 | AQ14: 0 | AR14: =IF(AQ14 + AR13 < 0, AQ14 + AR13, 0) -> 0 | AS14: 0 | AT14: =IF(AS14 + AT13 < 0, AS14 + AT13, 0) -> 0 | AU14: 0 | AV14: =IF(AU14 + AV13 < 0, AU14 + AV13, 0) -> 0 | AW14: 0 | AX14: =IF(AW14 + AX13 < 0, AW14 + AX13, 0) -> 0 | AY14: 0 | AZ14: =IF(AY14 + AZ13 < 0, AY14 + AZ13, 0) -> 0 | BA14: 0 | BB14: =IF(BA14 + BB13 < 0, BA14 + BB13, 0) -> 0 | BC14: 0 | BD14: =IF(BC14 + BD13 < 0, BC14 + BD13, 0) -> 0 | BE14: 0 | BF14: =IF(BE14 + BF13 < 0, BE14 + BF13, 0) -> 0 | BG14: 0 | BH14: =IF(BG14 + BH13 < 0, BG14 + BH13, 0) -> 0 | BI14: 0 | BJ14: =IF(BI14 + BJ13 < 0, BI14 + BJ13, 0) -> 0 | BK14: 0 | BL14: =IF(BK14 + BL13 < 0, BK14 + BL13, 0) -> 0 | BM14: 0 | BN14: =IF(BM14 + BN13 < 0, BM14 + BN13, 0) -> 0 | BO14: 0 | BP14: =IF(BO14 + BP13 < 0, BO14 + BP13, 0) -> 0 | BQ14: 0 | BR14: =IF(BQ14 + BR13 < 0, BQ14 + BR13, 0) -> 0 | BS14: -142778.26 | BT14: =IF(BS14 + BT13 < 0, BS14 + BT13, 0) -> 0 | BU14: -179630.88 | BV14: =IF(BU14 + BV13 < 0, BU14 + BV13, 0) -> 0 | BW14: -173923.88 | BX14: =IF(BW14 + BX13 < 0, BW14 + BX13, 0) -> 0 | BY14: 0 | BZ14: =IF(BY14 + BZ13 < 0, BY14 + BZ13, 0) -> 0 | CA14: 0 | CB14: =IF(CA14 + CB13 < 0, CA14 + CB13, 0) -> 0 | CC14: 0 | CD14: =IF(CC14 + CD13 < 0, CC14 + CD13, 0) -> 0 | CE14: 0 | CF14: =IF(CE14 + CF13 < 0, CE14 + CF13, 0) -> 0 | CG14: 0 | CH14: =IF(CG14 + CH13 < 0, CG14 + CH13, 0) -> 0 | CI14: 0 | CJ14: =IF(CI14 + CJ13 < 0, CI14 + CJ13, 0) -> 0 | CK14: 0 | CL14: =IF(CK14 + CL13 < 0, CK14 + CL13, 0) -> 0 | CM14: 0 | CN14: =IF(CM14 + CN13 < 0, CM14 + CN13, 0) -> 0 | CO14: 0 | CP14: =IF(CO14 + CP13 < 0, CO14 + CP13, 0) -> 0 | CQ14: 0 | CR14: =IF(CQ14 + CR13 < 0, CQ14 + CR13, 0) -> 0 | CS14: 0 | CT14: =IF(CS14 + CT13 < 0, CS14 + CT13, 0) -> 0 | CU14: 0 | CV14: =IF(CU14 + CV13 < 0, CU14 + CV13, 0) -> 0 | CW14: 0 | CX14: =IF(CW14 + CX13 < 0, CW14 + CX13, 0) -> 0 | CY14: 0 | CZ14: =IF(CY14 + CZ13 < 0, CY14 + CZ13, 0) -> 0 | DA14: 0 | DB14: =IF(DA14 + DB13 < 0, DA14 + DB13, 0) -> 0 | DC14: 0 | DD14: =IF(DC14 + DD13 < 0, DC14 + DD13, 0) -> 0 | DE14: 0 | DF14: =IF(DE14 + DF13 < 0, DE14 + DF13, 0) -> 0 | DG14: 0 | DH14: =IF(DG14 + DH13 < 0, DG14 + DH13, 0) -> 0 | DI14: 0 | DJ14: =IF(DI14 + DJ13 < 0, DI14 + DJ13, 0) -> 0 | DK14: 0 | DL14: =IF(DK14 + DL13 < 0, DK14 + DL13, 0) -> 0 | DM14: 0 | DN14: =IF(DM14 + DN13 < 0, DM14 + DN13, 0) -> 0 | DO14: 0 | DP14: =IF(DO14 + DP13 < 0, DO14 + DP13, 0) -> 0 | DQ14: 0 | DR14: =IF(DQ14 + DR13 < 0, DQ14 + DR13, 0) -> 0 | DS14: 0 | DT14: =IF(DS14 + DT13 < 0, DS14 + DT13, 0) -> 0 | DU14: 0 | DV14: =IF(DU14 + DV13 < 0, DU14 + DV13, 0) -> 0 | DW14: 0 | DX14: =IF(DW14 + DX13 < 0, DW14 + DX13, 0) -> 0 | DY14: 0 | DZ14: =IF(DY14 + DZ13 < 0, DY14 + DZ13, 0) -> 0 | EA14: 0 | EB14: =IF(EA14 + EB13 < 0, EA14 + EB13, 0) -> 0 | EC14: 0 | ED14: =IF(EC14 + ED13 < 0, EC14 + ED13, 0) -> 0 | EE14: 0 | EF14: =IF(EE14 + EF13 < 0, EE14 + EF13, 0) -> 0 | EG14: 0 | EH14: =IF(EG14 + EH13 < 0, EG14 + EH13, 0) -> 0 | EI14: 0 | EJ14: =IF(EI14 + EJ13 < 0, EI14 + EJ13, 0) -> 0 | EK14: 0 | EL14: =IF(EK14 + EL13 < 0, EK14 + EL13, 0) -> 0 | EM14: 0 | EN14: =IF(EM14 + EN13 < 0, EM14 + EN13, 0) -> 0 | EO14: 0 | EP14: =IF(EO14 + EP13 < 0, EO14 + EP13, 0) -> 0 | EQ14: 0 | ER14: =IF(EQ14 + ER13 < 0, EQ14 + ER13, 0) -> 0
... A511: 46045 | B511: Friday | C511: 2 | D511: 4 | E511: 19567.936 | F511: =IF(E511 + F510 < 0, E511 + F510, 0) -> 0 | G511: 22783.789 | H511: =IF(G511 + H510 < 0, G511 + H510, 0) -> 0 | I511: 2421.5472 | J511: =IF(I511 + J510 < 0, I511 + J510, 0) -> 0 | K511: 0 | L511: =IF(K511 + L510 < 0, K511 + L510, 0) -> 0 | M511: 0 | N511: =IF(M511 + N510 < 0, M511 + N510, 0) -> 0 | O511: 0 | P511: =IF(O511 + P510 < 0, O511 + P510, 0) -> 0 | Q511: 0 | R511: =IF(Q511 + R510 < 0, Q511 + R510, 0) -> 0 | S511: 0 | T511: =IF(S511 + T510 < 0, S511 + T510, 0) -> 0 | U511: 0 | V511: =IF(U511 + V510 < 0, U511 + V510, 0) -> 0 | W511: 0 | X511: =IF(W511 + X510 < 0, W511 + X510, 0) -> 0 | Y511: 0 | Z511: =IF(Y511 + Z510 < 0, Y511 + Z510, 0) -> 0 | AA511: 0 | AB511: =IF(AA511 + AB510 < 0, AA511 + AB510, 0) -> 0 | AC511: 0 | AD511: =IF(AC511 + AD510 < 0, AC511 + AD510, 0) -> 0 | AE511: 0 | AF511: =IF(AE511 + AF510 < 0, AE511 + AF510, 0) -> 0 | AG511: 0 | AH511: =IF(AG511 + AH510 < 0, AG511 + AH510, 0) -> 0 | AI511: 0 | AJ511: =IF(AI511 + AJ510 < 0, AI511 + AJ510, 0) -> 0 | AK511: 0 | AL511: =IF(AK511 + AL510 < 0, AK511 + AL510, 0) -> 0 | AM511: 0 | AN511: =IF(AM511 + AN510 < 0, AM511 + AN510, 0) -> 0 | AO511: 0 | AP511: =IF(AO511 + AP510 < 0, AO511 + AP510, 0) -> 0 | AQ511: 0 | AR511: =IF(AQ511 + AR510 < 0, AQ511 + AR510, 0) -> 0 | AS511: 0 | AT511: =IF(AS511 + AT510 < 0, AS511 + AT510, 0) -> 0 | AU511: 0 | AV511: =IF(AU511 + AV510 < 0, AU511 + AV510, 0) -> 0 | AW511: 0 | AX511: =IF(AW511 + AX510 < 0, AW511 + AX510, 0) -> 0 | AY511: 0 | AZ511: =IF(AY511 + AZ510 < 0, AY511 + AZ510, 0) -> 0 | BA511: 0 | BB511: =IF(BA511 + BB510 < 0, BA511 + BB510, 0) -> 0 | BC511: 0 | BD511: =IF(BC511 + BD510 < 0, BC511 + BD510, 0) -> 0 | BE511: 0 | BF511: =IF(BE511 + BF510 < 0, BE511 + BF510, 0) -> 0 | BG511: 0 | BH511: =IF(BG511 + BH510 < 0, BG511 + BH510, 0) -> 0 | BI511: 0 | BJ511: =IF(BI511 + BJ510 < 0, BI511 + BJ510, 0) -> 0 | BK511: 0 | BL511: =IF(BK511 + BL510 < 0, BK511 + BL510, 0) -> 0 | BM511: 0 | BN511: =IF(BM511 + BN510 < 0, BM511 + BN510, 0) -> 0 | BO511: 0 | BP511: =IF(BO511 + BP510 < 0, BO511 + BP510, 0) -> 0 | BQ511: 0 | BR511: =IF(BQ511 + BR510 < 0, BQ511 + BR510, 0) -> 0 | BS511: -121543.63 | BT511: =IF(BS511 + BT510 < 0, BS511 + BT510, 0) -> 0 | BU511: -198931.32 | BV511: =IF(BU511 + BV510 < 0, BU511 + BV510, 0) -> 0 | BW511: -164595.16 | BX511: =IF(BW511 + BX510 < 0, BW511 + BX510, 0) -> 0 | BY511: 0 | BZ511: =IF(BY511 + BZ510 < 0, BY511 + BZ510, 0) -> 0 | CA511: 0 | CB511: =IF(CA511 + CB510 < 0, CA511 + CB510, 0) -> 0 | CC511: 0 | CD511: =IF(CC511 + CD510 < 0, CC511 + CD510, 0) -> 0 | CE511: 0 | CF511: =IF(CE511 + CF510 < 0, CE511 + CF510, 0) -> 0 | CG511: 0 | CH511: =IF(CG511 + CH510 < 0, CG511 + CH510, 0) -> 0 | CI511: 0 | CJ511: =IF(CI511 + CJ510 < 0, CI511 + CJ510, 0) -> 0 | CK511: 0 | CL511: =IF(CK511 + CL510 < 0, CK511 + CL510, 0) -> 0 | CM511: 0 | CN511: =IF(CM511 + CN510 < 0, CM511 + CN510, 0) -> 0 | CO511: 0 | CP511: =IF(CO511 + CP510 < 0, CO511 + CP510, 0) -> 0 | CQ511: 0 | CR511: =IF(CQ511 + CR510 < 0, CQ511 + CR510, 0) -> 0 | CS511: 0 | CT511: =IF(CS511 + CT510 < 0, CS511 + CT510, 0) -> 0 | CU511: 0 | CV511: =IF(CU511 + CV510 < 0, CU511 + CV510, 0) -> 0 | CW511: 0 | CX511: =IF(CW511 + CX510 < 0, CW511 + CX510, 0) -> 0 | CY511: 0 | CZ511: =IF(CY511 + CZ510 < 0, CY511 + CZ510, 0) -> 0 | DA511: 0 | DB511: =IF(DA511 + DB510 < 0, DA511 + DB510, 0) -> 0 | DC511: 0 | DD511: =IF(DC511 + DD510 < 0, DC511 + DD510, 0) -> 0 | DE511: 0 | DF511: =IF(DE511 + DF510 < 0, DE511 + DF510, 0) -> 0 | DG511: 0 | DH511: =IF(DG511 + DH510 < 0, DG511 + DH510, 0) -> 0 | DI511: 0 | DJ511: =IF(DI511 + DJ510 < 0, DI511 + DJ510, 0) -> 0 | DK511: 0 | DL511: =IF(DK511 + DL510 < 0, DK511 + DL510, 0) -> 0 | DM511: 0 | DN511: =IF(DM511 + DN510 < 0, DM511 + DN510, 0) -> 0 | DO511: 0 | DP511: =IF(DO511 + DP510 < 0, DO511 + DP510, 0) -> 0 | DQ511: 0 | DR511: =IF(DQ511 + DR510 < 0, DQ511 + DR510, 0) -> 0 | DS511: 0 | DT511: =IF(DS511 + DT510 < 0, DS511 + DT510, 0) -> 0 | DU511: 0 | DV511: =IF(DU511 + DV510 < 0, DU511 + DV510, 0) -> 0 | DW511: 0 | DX511: =IF(DW511 + DX510 < 0, DW511 + DX510, 0) -> 0 | DY511: 0 | DZ511: =IF(DY511 + DZ510 < 0, DY511 + DZ510, 0) -> 0 | EA511: 0 | EB511: =IF(EA511 + EB510 < 0, EA511 + EB510, 0) -> 0 | EC511: 0 | ED511: =IF(EC511 + ED510 < 0, EC511 + ED510, 0) -> 0 | EE511: 0 | EF511: =IF(EE511 + EF510 < 0, EE511 + EF510, 0) -> 0 | EG511: 0 | EH511: =IF(EG511 + EH510 < 0, EG511 + EH510, 0) -> 0 | EI511: 0 | EJ511: =IF(EI511 + EJ510 < 0, EI511 + EJ510, 0) -> 0 | EK511: 0 | EL511: =IF(EK511 + EL510 < 0, EK511 + EL510, 0) -> 0 | EM511: 0 | EN511: =IF(EM511 + EN510 < 0, EM511 + EN510, 0) -> 0 | EO511: 0 | EP511: =IF(EO511 + EP510 < 0, EO511 + EP510, 0) -> 0 | EQ511: 0 | ER511: =IF(EQ511 + ER510 < 0, EQ511 + ER510, 0) -> 0

Sheet CombinedDD
A1: Date | B1: Day | C1: NF DTE | D1: SX DTE | E1: NF NRE_CC | F1: DD NF NRE_CC | G1: NF SRE_PREMIUM_SHIFT | H1: DD NF SRE_PREMIUM_SHIFT | I1: NF SRE_SEPARATE_LEG_SL | J1: DD NF SRE_SEPARATE_LEG_SL | K1: SX NRE_CC | L1: DD SX NRE_CC | M1: SX SRE_PREMIUM_SHIFT | N1: DD SX SRE_PREMIUM_SHIFT | O1: SX SRE_SEPARATE_LEG_SL | P1: DD SX SRE_SEPARATE_LEG_SL
A2: 45292 | B2: Monday | C2: 4 | D2: 5 | E2: 0 | F2: =IF(E2 < 0, E2, 0) -> 0 | G2: 0 | H2: =IF(G2 < 0, G2, 0) -> 0 | I2: 0 | J2: =IF(I2 < 0, I2, 0) -> 0 | K2: 0 | L2: =IF(K2 < 0, K2, 0) -> 0 | M2: 0 | N2: =IF(M2 < 0, M2, 0) -> 0 | O2: 0 | P2: =IF(O2 < 0, O2, 0) -> 0
A3: 45293 | B3: Tuesday | C3: 3 | D3: 4 | E3: 35485.517 | F3: =IF(E3 + F2 < 0, E3 + F2, 0) -> 0 | G3: 0 | H3: =IF(G3 + H2 < 0, G3 + H2, 0) -> 0 | I3: -608224.74 | J3: =IF(I3 + J2 < 0, I3 + J2, 0) -> 0 | K3: 0 | L3: =IF(K3 + L2 < 0, K3 + L2, 0) -> 0 | M3: 0 | N3: =IF(M3 + N2 < 0, M3 + N2, 0) -> 0 | O3: 0 | P3: =IF(O3 + P2 < 0, O3 + P2, 0) -> 0
A4: 45294 | B4: Wednesday | C4: 2 | D4: 3 | E4: 98176.029 | F4: =IF(E4 + F3 < 0, E4 + F3, 0) -> 0 | G4: 0 | H4: =IF(G4 + H3 < 0, G4 + H3, 0) -> 0 | I4: 275051.48 | J4: =IF(I4 + J3 < 0, I4 + J3, 0) -> 0 | K4: 0 | L4: =IF(K4 + L3 < 0, K4 + L3, 0) -> 0 | M4: 0 | N4: =IF(M4 + N3 < 0, M4 + N3, 0) -> 0 | O4: 0 | P4: =IF(O4 + P3 < 0, O4 + P3, 0) -> 0
A5: 45295 | B5: Thursday | C5: 1 | D5: 2 | E5: 455112.42 | F5: =IF(E5 + F4 < 0, E5 + F4, 0) -> 0 | G5: 419899.48 | H5: =IF(G5 + H4 < 0, G5 + H4, 0) -> 0 | I5: 0 | J5: =IF(I5 + J4 < 0, I5 + J4, 0) -> 0 | K5: 276177.03 | L5: =IF(K5 + L4 < 0, K5 + L4, 0) -> 0 | M5: 0 | N5: =IF(M5 + N4 < 0, M5 + N4, 0) -> 0 | O5: 267528.83 | P5: =IF(O5 + P4 < 0, O5 + P4, 0) -> 0
A6: 45296 | B6: Friday | C6: 5 | D6: 1 | E6: 0 | F6: =IF(E6 + F5 < 0, E6 + F5, 0) -> 0 | G6: 0 | H6: =IF(G6 + H5 < 0, G6 + H5, 0) -> 0 | I6: 0 | J6: =IF(I6 + J5 < 0, I6 + J5, 0) -> 0 | K6: 230900.59 | L6: =IF(K6 + L5 < 0, K6 + L5, 0) -> 0 | M6: 625626.7 | N6: =IF(M6 + N5 < 0, M6 + N5, 0) -> 0 | O6: 0 | P6: =IF(O6 + P5 < 0, O6 + P5, 0) -> 0
A7: 45299 | B7: Monday | C7: 4 | D7: 5 | E7: 0 | F7: =IF(E7 + F6 < 0, E7 + F6, 0) -> 0 | G7: 0 | H7: =IF(G7 + H6 < 0, G7 + H6, 0) -> 0 | I7: 0 | J7: =IF(I7 + J6 < 0, I7 + J6, 0) -> 0 | K7: 0 | L7: =IF(K7 + L6 < 0, K7 + L6, 0) -> 0 | M7: 0 | N7: =IF(M7 + N6 < 0, M7 + N6, 0) -> 0 | O7: 0 | P7: =IF(O7 + P6 < 0, O7 + P6, 0) -> 0
A8: 45300 | B8: Tuesday | C8: 3 | D8: 4 | E8: -145632.85 | F8: =IF(E8 + F7 < 0, E8 + F7, 0) -> 0 | G8: 0 | H8: =IF(G8 + H7 < 0, G8 + H7, 0) -> 0 | I8: -243101.11 | J8: =IF(I8 + J7 < 0, I8 + J7, 0) -> 0 | K8: 0 | L8: =IF(K8 + L7 < 0, K8 + L7, 0) -> 0 | M8: 0 | N8: =IF(M8 + N7 < 0, M8 + N7, 0) -> 0 | O8: 0 | P8: =IF(O8 + P7 < 0, O8 + P7, 0) -> 0
A9: 45301 | B9: Wednesday | C9: 2 | D9: 3 | E9: -336151.07 | F9: =IF(E9 + F8 < 0, E9 + F8, 0) -> 0 | G9: 0 | H9: =IF(G9 + H8 < 0, G9 + H8, 0) -> 0 | I9: -138390.22 | J9: =IF(I9 + J8 < 0, I9 + J8, 0) -> 0 | K9: 0 | L9: =IF(K9 + L8 < 0, K9 + L8, 0) -> 0 | M9: 0 | N9: =IF(M9 + N8 < 0, M9 + N8, 0) -> 0 | O9: 0 | P9: =IF(O9 + P8 < 0, O9 + P8, 0) -> 0
A10: 45302 | B10: Thursday | C10: 1 | D10: 2 | E10: 142231.57 | F10: =IF(E10 + F9 < 0, E10 + F9, 0) -> 0 | G10: 237739.93 | H10: =IF(G10 + H9 < 0, G10 + H9, 0) -> 0 | I10: 0 | J10: =IF(I10 + J9 < 0, I10 + J9, 0) -> 0 | K10: 59673.075 | L10: =IF(K10 + L9 < 0, K10 + L9, 0) -> 0 | M10: 0 | N10: =IF(M10 + N9 < 0, M10 + N9, 0) -> 0 | O10: 125586.11 | P10: =IF(O10 + P9 < 0, O10 + P9, 0) -> 0
A11: 45303 | B11: Friday | C11: 5 | D11: 1 | E11: 0 | F11: =IF(E11 + F10 < 0, E11 + F10, 0) -> 0 | G11: 0 | H11: =IF(G11 + H10 < 0, G11 + H10, 0) -> 0 | I11: 0 | J11: =IF(I11 + J10 < 0, I11 + J10, 0) -> 0 | K11: 400297.88 | L11: =IF(K11 + L10 < 0, K11 + L10, 0) -> 0 | M11: -473401.86 | N11: =IF(M11 + N10 < 0, M11 + N10, 0) -> 0 | O11: 0 | P11: =IF(O11 + P10 < 0, O11 + P10, 0) -> 0
A12: 45306 | B12: Monday | C12: 4 | D12: 5 | E12: 0 | F12: =IF(E12 + F11 < 0, E12 + F11, 0) -> 0 | G12: 0 | H12: =IF(G12 + H11 < 0, G12 + H11, 0) -> 0 | I12: 0 | J12: =IF(I12 + J11 < 0, I12 + J11, 0) -> 0 | K12: 0 | L12: =IF(K12 + L11 < 0, K12 + L11, 0) -> 0 | M12: 0 | N12: =IF(M12 + N11 < 0, M12 + N11, 0) -> 0 | O12: 0 | P12: =IF(O12 + P11 < 0, O12 + P11, 0) -> 0
A13: 45307 | B13: Tuesday | C13: 3 | D13: 4 | E13: -172674.85 | F13: =IF(E13 + F12 < 0, E13 + F12, 0) -> 0 | G13: 0 | H13: =IF(G13 + H12 < 0, G13 + H12, 0) -> 0 | I13: 339212.29 | J13: =IF(I13 + J12 < 0, I13 + J12, 0) -> 0 | K13: 0 | L13: =IF(K13 + L12 < 0, K13 + L12, 0) -> 0 | M13: 0 | N13: =IF(M13 + N12 < 0, M13 + N12, 0) -> 0 | O13: 0 | P13: =IF(O13 + P12 < 0, O13 + P12, 0) -> 0
A14: 45308 | B14: Wednesday | C14: 2 | D14: 3 | E14: 375107.33 | F14: =IF(E14 + F13 < 0, E14 + F13, 0) -> 0 | G14: 0 | H14: =IF(G14 + H13 < 0, G14 + H13, 0) -> 0 | I14: -496333.01 | J14: =IF(I14 + J13 < 0, I14 + J13, 0) -> 0 | K14: 0 | L14: =IF(K14 + L13 < 0, K14 + L13, 0) -> 0 | M14: 0 | N14: =IF(M14 + N13 < 0, M14 + N13, 0) -> 0 | O14: 0 | P14: =IF(O14 + P13 < 0, O14 + P13, 0) -> 0
... A511: 46045 | B511: Friday | C511: 2 | D511: 4 | E511: 44773.273 | F511: =IF(E511 + F510 < 0, E511 + F510, 0) -> 0 | G511: 0 | H511: =IF(G511 + H510 < 0, G511 + H510, 0) -> 0 | I511: -485070.11 | J511: =IF(I511 + J510 < 0, I511 + J510, 0) -> 0 | K511: 0 | L511: =IF(K511 + L510 < 0, K511 + L510, 0) -> 0 | M511: 0 | N511: =IF(M511 + N510 < 0, M511 + N510, 0) -> 0 | O511: 0 | P511: =IF(O511 + P510 < 0, O511 + P510, 0) -> 0

Sheet MTM
A1: Date | B1: Day | C1: NIFTY | D1: SENSEX | E1: Total | F1: NIFTY-DD | G1: SENSEX-DD | H1: Total-DD | I1: DD-Days | J1: NIFTY-Hedge | K1: SENSEX-Hedge | L1: Total-Hedge | M1: NIFTY-Hedge-DD | N1: SENSEX-Hedge-DD | O1: Total-Hedge-DD | P1: Hedge-DD-Days | Q1: Loss-Days | R1: Loss-Amount | S1: Profit-Days | T1: Profit-Amount | U1: Loss-Greater-1% | V1: Profit-Greater-1% | W1: Hedge-Loss-Days | X1: Hedge-Loss-Amount | Y1: Hedge-Profit-Days | Z1: Hedge-Profit-Amount | AA1: Hedge-Loss-Greater-1% | AB1: Hedge-Profit-Greater-1%
A2: 45292 | B2: Monday | C2: =SUM(PL!E2:AN2) -> 0 | D2: =SUM(PL!AO2:BX2) -> 0 | E2: =SUM(C2:D2) -> 0 | F2: =IF(C2 < 0, C2, 0) -> 0 | G2: =IF(D2 < 0, D2, 0) -> 0 | H2: =IF(E2 < 0, E2, 0) -> 0 | I2: =IF(H2 < 0, 1, 0) -> 0 | J2: =C2-((ABS(SUM(PL!E2:AN2)))*0.125) -> 0 | K2: =D2-((ABS(SUM(PL!AO2:BX2)))*0.125) -> 0 | L2: =J2 + K2 -> 0 | M2: =IF(J2 < 0, J2, 0) -> 0 | N2: =IF(K2 < 0, K2, 0) -> 0 | O2: =IF(L2 < 0, L2, 0) -> 0 | P2: =IF(O2 < 0, 1, 0) -> 0 | Q2: =IF(E2<0,1,0) -> 0 | R2: =IF(Q2=1,E2,0) -> 0 | S2: =IF(E2>0,1,0) -> 0 | T2: =IF(S2=1,E2,0) -> 0 | U2: =IF(R2<-100000000.0/100,1,0) -> 0 | V2: =IF(T2>100000000.0/100,1,0) -> 0 | W2: =IF(L2<0,1,0) -> 0 | X2: =IF(W2=1,L2,0) -> 0 | Y2: =IF(L2>0,1,0) -> 0 | Z2: =IF(Y2=1,L2,0) -> 0 | AA2: =IF(X2<-100000000.0/100,1,0) -> 0 | AB2: =IF(Z2>100000000.0/100,1,0) -> 0
A3: 45293 | B3: Tuesday | C3: =SUM(PL!E3:AN3) -> 0 | D3: =SUM(PL!AO3:BX3) -> 0 | E3: =SUM(C3:D3) -> 0 | F3: =IF(C3 + F2 < 0, C3 + F2, 0) -> 0 | G3: =IF(D3 + G2 < 0, D3 + G2, 0) -> 0 | H3: =IF(E3 + H2 < 0, E3 + H2, 0) -> 0 | I3: =IF(H3 < 0, 1 + I2, 0) -> 0 | J3: =C3-((ABS(SUM(PL!E3:AN3)))*0.125) -> 0 | K3: =D3-((ABS(SUM(PL!AO3:BX3)))*0.125) -> 0 | L3: =J3 + K3 -> 0 | M3: =IF(J3 + M2 < 0, J3 + M2, 0) -> 0 | N3: =IF(K3 + N2 < 0, K3 + N2, 0) -> 0 | O3: =IF(L3 + O2 < 0, L3 + O2, 0) -> 0 | P3: =IF(O3 < 0, 1 + P2, 0) -> 0 | Q3: =IF(E3<0,1,0) -> 0 | R3: =IF(Q3=1,E3,0) -> 0 | S3: =IF(E3>0,1,0) -> 0 | T3: =IF(S3=1,E3,0) -> 0 | U3: =IF(R3<-100000000.0/100,1,0) -> 0 | V3: =IF(T3>100000000.0/100,1,0) -> 0 | W3: =IF(L3<0,1,0) -> 0 | X3: =IF(W3=1,L3,0) -> 0 | Y3: =IF(L3>0,1,0) -> 0 | Z3: =IF(Y3=1,L3,0) -> 0 | AA3: =IF(X3<-100000000.0/100,1,0) -> 0 | AB3: =IF(Z3>100000000.0/100,1,0) -> 0
A4: 45294 | B4: Wednesday | C4: =SUM(PL!E4:AN4) -> 0 | D4: =SUM(PL!AO4:BX4) -> 0 | E4: =SUM(C4:D4) -> 0 | F4: =IF(C4 + F3 < 0, C4 + F3, 0) -> 0 | G4: =IF(D4 + G3 < 0, D4 + G3, 0) -> 0 | H4: =IF(E4 + H3 < 0, E4 + H3, 0) -> 0 | I4: =IF(H4 < 0, 1 + I3, 0) -> 0 | J4: =C4-((ABS(SUM(PL!E4:AN4)))*0.125) -> 0 | K4: =D4-((ABS(SUM(PL!AO4:BX4)))*0.125) -> 0 | L4: =J4 + K4 -> 0 | M4: =IF(J4 + M3 < 0, J4 + M3, 0) -> 0 | N4: =IF(K4 + N3 < 0, K4 + N3, 0) -> 0 | O4: =IF(L4 + O3 < 0, L4 + O3, 0) -> 0 | P4: =IF(O4 < 0, 1 + P3, 0) -> 0 | Q4: =IF(E4<0,1,0) -> 0 | R4: =IF(Q4=1,E4,0) -> 0 | S4: =IF(E4>0,1,0) -> 0 | T4: =IF(S4=1,E4,0) -> 0 | U4: =IF(R4<-100000000.0/100,1,0) -> 0 | V4: =IF(T4>100000000.0/100,1,0) -> 0 | W4: =IF(L4<0,1,0) -> 0 | X4: =IF(W4=1,L4,0) -> 0 | Y4: =IF(L4>0,1,0) -> 0 | Z4: =IF(Y4=1,L4,0) -> 0 | AA4: =IF(X4<-100000000.0/100,1,0) -> 0 | AB4: =IF(Z4>100000000.0/100,1,0) -> 0
A5: 45295 | B5: Thursday | C5: =SUM(PL!E5:AN5) -> 0 | D5: =SUM(PL!AO5:BX5) -> 0 | E5: =SUM(C5:D5) -> 0 | F5: =IF(C5 + F4 < 0, C5 + F4, 0) -> 0 | G5: =IF(D5 + G4 < 0, D5 + G4, 0) -> 0 | H5: =IF(E5 + H4 < 0, E5 + H4, 0) -> 0 | I5: =IF(H5 < 0, 1 + I4, 0) -> 0 | J5: =C5-((ABS(SUM(PL!E5:AN5)))*0.125) -> 0 | K5: =D5-((ABS(SUM(PL!AO5:BX5)))*0.125) -> 0 | L5: =J5 + K5 -> 0 | M5: =IF(J5 + M4 < 0, J5 + M4, 0) -> 0 | N5: =IF(K5 + N4 < 0, K5 + N4, 0) -> 0 | O5: =IF(L5 + O4 < 0, L5 + O4, 0) -> 0 | P5: =IF(O5 < 0, 1 + P4, 0) -> 0 | Q5: =IF(E5<0,1,0) -> 0 | R5: =IF(Q5=1,E5,0) -> 0 | S5: =IF(E5>0,1,0) -> 0 | T5: =IF(S5=1,E5,0) -> 0 | U5: =IF(R5<-100000000.0/100,1,0) -> 0 | V5: =IF(T5>100000000.0/100,1,0) -> 0 | W5: =IF(L5<0,1,0) -> 0 | X5: =IF(W5=1,L5,0) -> 0 | Y5: =IF(L5>0,1,0) -> 0 | Z5: =IF(Y5=1,L5,0) -> 0 | AA5: =IF(X5<-100000000.0/100,1,0) -> 0 | AB5: =IF(Z5>100000000.0/100,1,0) -> 0
A6: 45296 | B6: Friday | C6: =SUM(PL!E6:AN6) -> 0 | D6: =SUM(PL!AO6:BX6) -> 0 | E6: =SUM(C6:D6) -> 0 | F6: =IF(C6 + F5 < 0, C6 + F5, 0) -> 0 | G6: =IF(D6 + G5 < 0, D6 + G5, 0) -> 0 | H6: =IF(E6 + H5 < 0, E6 + H5, 0) -> 0 | I6: =IF(H6 < 0, 1 + I5, 0) -> 0 | J6: =C6-((ABS(SUM(PL!E6:AN6)))*0.125) -> 0 | K6: =D6-((ABS(SUM(PL!AO6:BX6)))*0.125) -> 0 | L6: =J6 + K6 -> 0 | M6: =IF(J6 + M5 < 0, J6 + M5, 0) -> 0 | N6: =IF(K6 + N5 < 0, K6 + N5, 0) -> 0 | O6: =IF(L6 + O5 < 0, L6 + O5, 0) -> 0 | P6: =IF(O6 < 0, 1 + P5, 0) -> 0 | Q6: =IF(E6<0,1,0) -> 0 | R6: =IF(Q6=1,E6,0) -> 0 | S6: =IF(E6>0,1,0) -> 0 | T6: =IF(S6=1,E6,0) -> 0 | U6: =IF(R6<-100000000.0/100,1,0) -> 0 | V6: =IF(T6>100000000.0/100,1,0) -> 0 | W6: =IF(L6<0,1,0) -> 0 | X6: =IF(W6=1,L6,0) -> 0 | Y6: =IF(L6>0,1,0) -> 0 | Z6: =IF(Y6=1,L6,0) -> 0 | AA6: =IF(X6<-100000000.0/100,1,0) -> 0 | AB6: =IF(Z6>100000000.0/100,1,0) -> 0
A7: 45299 | B7: Monday | C7: =SUM(PL!E7:AN7) -> 0 | D7: =SUM(PL!AO7:BX7) -> 0 | E7: =SUM(C7:D7) -> 0 | F7: =IF(C7 + F6 < 0, C7 + F6, 0) -> 0 | G7: =IF(D7 + G6 < 0, D7 + G6, 0) -> 0 | H7: =IF(E7 + H6 < 0, E7 + H6, 0) -> 0 | I7: =IF(H7 < 0, 1 + I6, 0) -> 0 | J7: =C7-((ABS(SUM(PL!E7:AN7)))*0.125) -> 0 | K7: =D7-((ABS(SUM(PL!AO7:BX7)))*0.125) -> 0 | L7: =J7 + K7 -> 0 | M7: =IF(J7 + M6 < 0, J7 + M6, 0) -> 0 | N7: =IF(K7 + N6 < 0, K7 + N6, 0) -> 0 | O7: =IF(L7 + O6 < 0, L7 + O6, 0) -> 0 | P7: =IF(O7 < 0, 1 + P6, 0) -> 0 | Q7: =IF(E7<0,1,0) -> 0 | R7: =IF(Q7=1,E7,0) -> 0 | S7: =IF(E7>0,1,0) -> 0 | T7: =IF(S7=1,E7,0) -> 0 | U7: =IF(R7<-100000000.0/100,1,0) -> 0 | V7: =IF(T7>100000000.0/100,1,0) -> 0 | W7: =IF(L7<0,1,0) -> 0 | X7: =IF(W7=1,L7,0) -> 0 | Y7: =IF(L7>0,1,0) -> 0 | Z7: =IF(Y7=1,L7,0) -> 0 | AA7: =IF(X7<-100000000.0/100,1,0) -> 0 | AB7: =IF(Z7>100000000.0/100,1,0) -> 0
A8: 45300 | B8: Tuesday | C8: =SUM(PL!E8:AN8) -> 0 | D8: =SUM(PL!AO8:BX8) -> 0 | E8: =SUM(C8:D8) -> 0 | F8: =IF(C8 + F7 < 0, C8 + F7, 0) -> 0 | G8: =IF(D8 + G7 < 0, D8 + G7, 0) -> 0 | H8: =IF(E8 + H7 < 0, E8 + H7, 0) -> 0 | I8: =IF(H8 < 0, 1 + I7, 0) -> 0 | J8: =C8-((ABS(SUM(PL!E8:AN8)))*0.125) -> 0 | K8: =D8-((ABS(SUM(PL!AO8:BX8)))*0.125) -> 0 | L8: =J8 + K8 -> 0 | M8: =IF(J8 + M7 < 0, J8 + M7, 0) -> 0 | N8: =IF(K8 + N7 < 0, K8 + N7, 0) -> 0 | O8: =IF(L8 + O7 < 0, L8 + O7, 0) -> 0 | P8: =IF(O8 < 0, 1 + P7, 0) -> 0 | Q8: =IF(E8<0,1,0) -> 0 | R8: =IF(Q8=1,E8,0) -> 0 | S8: =IF(E8>0,1,0) -> 0 | T8: =IF(S8=1,E8,0) -> 0 | U8: =IF(R8<-100000000.0/100,1,0) -> 0 | V8: =IF(T8>100000000.0/100,1,0) -> 0 | W8: =IF(L8<0,1,0) -> 0 | X8: =IF(W8=1,L8,0) -> 0 | Y8: =IF(L8>0,1,0) -> 0 | Z8: =IF(Y8=1,L8,0) -> 0 | AA8: =IF(X8<-100000000.0/100,1,0) -> 0 | AB8: =IF(Z8>100000000.0/100,1,0) -> 0
A9: 45301 | B9: Wednesday | C9: =SUM(PL!E9:AN9) -> 0 | D9: =SUM(PL!AO9:BX9) -> 0 | E9: =SUM(C9:D9) -> 0 | F9: =IF(C9 + F8 < 0, C9 + F8, 0) -> 0 | G9: =IF(D9 + G8 < 0, D9 + G8, 0) -> 0 | H9: =IF(E9 + H8 < 0, E9 + H8, 0) -> 0 | I9: =IF(H9 < 0, 1 + I8, 0) -> 0 | J9: =C9-((ABS(SUM(PL!E9:AN9)))*0.125) -> 0 | K9: =D9-((ABS(SUM(PL!AO9:BX9)))*0.125) -> 0 | L9: =J9 + K9 -> 0 | M9: =IF(J9 + M8 < 0, J9 + M8, 0) -> 0 | N9: =IF(K9 + N8 < 0, K9 + N8, 0) -> 0 | O9: =IF(L9 + O8 < 0, L9 + O8, 0) -> 0 | P9: =IF(O9 < 0, 1 + P8, 0) -> 0 | Q9: =IF(E9<0,1,0) -> 0 | R9: =IF(Q9=1,E9,0) -> 0 | S9: =IF(E9>0,1,0) -> 0 | T9: =IF(S9=1,E9,0) -> 0 | U9: =IF(R9<-100000000.0/100,1,0) -> 0 | V9: =IF(T9>100000000.0/100,1,0) -> 0 | W9: =IF(L9<0,1,0) -> 0 | X9: =IF(W9=1,L9,0) -> 0 | Y9: =IF(L9>0,1,0) -> 0 | Z9: =IF(Y9=1,L9,0) -> 0 | AA9: =IF(X9<-100000000.0/100,1,0) -> 0 | AB9: =IF(Z9>100000000.0/100,1,0) -> 0
A10: 45302 | B10: Thursday | C10: =SUM(PL!E10:AN10) -> 0 | D10: =SUM(PL!AO10:BX10) -> 0 | E10: =SUM(C10:D10) -> 0 | F10: =IF(C10 + F9 < 0, C10 + F9, 0) -> 0 | G10: =IF(D10 + G9 < 0, D10 + G9, 0) -> 0 | H10: =IF(E10 + H9 < 0, E10 + H9, 0) -> 0 | I10: =IF(H10 < 0, 1 + I9, 0) -> 0 | J10: =C10-((ABS(SUM(PL!E10:AN10)))*0.125) -> 0 | K10: =D10-((ABS(SUM(PL!AO10:BX10)))*0.125) -> 0 | L10: =J10 + K10 -> 0 | M10: =IF(J10 + M9 < 0, J10 + M9, 0) -> 0 | N10: =IF(K10 + N9 < 0, K10 + N9, 0) -> 0 | O10: =IF(L10 + O9 < 0, L10 + O9, 0) -> 0 | P10: =IF(O10 < 0, 1 + P9, 0) -> 0 | Q10: =IF(E10<0,1,0) -> 0 | R10: =IF(Q10=1,E10,0) -> 0 | S10: =IF(E10>0,1,0) -> 0 | T10: =IF(S10=1,E10,0) -> 0 | U10: =IF(R10<-100000000.0/100,1,0) -> 0 | V10: =IF(T10>100000000.0/100,1,0) -> 0 | W10: =IF(L10<0,1,0) -> 0 | X10: =IF(W10=1,L10,0) -> 0 | Y10: =IF(L10>0,1,0) -> 0 | Z10: =IF(Y10=1,L10,0) -> 0 | AA10: =IF(X10<-100000000.0/100,1,0) -> 0 | AB10: =IF(Z10>100000000.0/100,1,0) -> 0
A11: 45303 | B11: Friday | C11: =SUM(PL!E11:AN11) -> 0 | D11: =SUM(PL!AO11:BX11) -> 0 | E11: =SUM(C11:D11) -> 0 | F11: =IF(C11 + F10 < 0, C11 + F10, 0) -> 0 | G11: =IF(D11 + G10 < 0, D11 + G10, 0) -> 0 | H11: =IF(E11 + H10 < 0, E11 + H10, 0) -> 0 | I11: =IF(H11 < 0, 1 + I10, 0) -> 0 | J11: =C11-((ABS(SUM(PL!E11:AN11)))*0.125) -> 0 | K11: =D11-((ABS(SUM(PL!AO11:BX11)))*0.125) -> 0 | L11: =J11 + K11 -> 0 | M11: =IF(J11 + M10 < 0, J11 + M10, 0) -> 0 | N11: =IF(K11 + N10 < 0, K11 + N10, 0) -> 0 | O11: =IF(L11 + O10 < 0, L11 + O10, 0) -> 0 | P11: =IF(O11 < 0, 1 + P10, 0) -> 0 | Q11: =IF(E11<0,1,0) -> 0 | R11: =IF(Q11=1,E11,0) -> 0 | S11: =IF(E11>0,1,0) -> 0 | T11: =IF(S11=1,E11,0) -> 0 | U11: =IF(R11<-100000000.0/100,1,0) -> 0 | V11: =IF(T11>100000000.0/100,1,0) -> 0 | W11: =IF(L11<0,1,0) -> 0 | X11: =IF(W11=1,L11,0) -> 0 | Y11: =IF(L11>0,1,0) -> 0 | Z11: =IF(Y11=1,L11,0) -> 0 | AA11: =IF(X11<-100000000.0/100,1,0) -> 0 | AB11: =IF(Z11>100000000.0/100,1,0) -> 0
A12: 45306 | B12: Monday | C12: =SUM(PL!E12:AN12) -> 0 | D12: =SUM(PL!AO12:BX12) -> 0 | E12: =SUM(C12:D12) -> 0 | F12: =IF(C12 + F11 < 0, C12 + F11, 0) -> 0 | G12: =IF(D12 + G11 < 0, D12 + G11, 0) -> 0 | H12: =IF(E12 + H11 < 0, E12 + H11, 0) -> 0 | I12: =IF(H12 < 0, 1 + I11, 0) -> 0 | J12: =C12-((ABS(SUM(PL!E12:AN12)))*0.125) -> 0 | K12: =D12-((ABS(SUM(PL!AO12:BX12)))*0.125) -> 0 | L12: =J12 + K12 -> 0 | M12: =IF(J12 + M11 < 0, J12 + M11, 0) -> 0 | N12: =IF(K12 + N11 < 0, K12 + N11, 0) -> 0 | O12: =IF(L12 + O11 < 0, L12 + O11, 0) -> 0 | P12: =IF(O12 < 0, 1 + P11, 0) -> 0 | Q12: =IF(E12<0,1,0) -> 0 | R12: =IF(Q12=1,E12,0) -> 0 | S12: =IF(E12>0,1,0) -> 0 | T12: =IF(S12=1,E12,0) -> 0 | U12: =IF(R12<-100000000.0/100,1,0) -> 0 | V12: =IF(T12>100000000.0/100,1,0) -> 0 | W12: =IF(L12<0,1,0) -> 0 | X12: =IF(W12=1,L12,0) -> 0 | Y12: =IF(L12>0,1,0) -> 0 | Z12: =IF(Y12=1,L12,0) -> 0 | AA12: =IF(X12<-100000000.0/100,1,0) -> 0 | AB12: =IF(Z12>100000000.0/100,1,0) -> 0
A13: 45307 | B13: Tuesday | C13: =SUM(PL!E13:AN13) -> 0 | D13: =SUM(PL!AO13:BX13) -> 0 | E13: =SUM(C13:D13) -> 0 | F13: =IF(C13 + F12 < 0, C13 + F12, 0) -> 0 | G13: =IF(D13 + G12 < 0, D13 + G12, 0) -> 0 | H13: =IF(E13 + H12 < 0, E13 + H12, 0) -> 0 | I13: =IF(H13 < 0, 1 + I12, 0) -> 0 | J13: =C13-((ABS(SUM(PL!E13:AN13)))*0.125) -> 0 | K13: =D13-((ABS(SUM(PL!AO13:BX13)))*0.125) -> 0 | L13: =J13 + K13 -> 0 | M13: =IF(J13 + M12 < 0, J13 + M12, 0) -> 0 | N13: =IF(K13 + N12 < 0, K13 + N12, 0) -> 0 | O13: =IF(L13 + O12 < 0, L13 + O12, 0) -> 0 | P13: =IF(O13 < 0, 1 + P12, 0) -> 0 | Q13: =IF(E13<0,1,0) -> 0 | R13: =IF(Q13=1,E13,0) -> 0 | S13: =IF(E13>0,1,0) -> 0 | T13: =IF(S13=1,E13,0) -> 0 | U13: =IF(R13<-100000000.0/100,1,0) -> 0 | V13: =IF(T13>100000000.0/100,1,0) -> 0 | W13: =IF(L13<0,1,0) -> 0 | X13: =IF(W13=1,L13,0) -> 0 | Y13: =IF(L13>0,1,0) -> 0 | Z13: =IF(Y13=1,L13,0) -> 0 | AA13: =IF(X13<-100000000.0/100,1,0) -> 0 | AB13: =IF(Z13>100000000.0/100,1,0) -> 0
A14: 45308 | B14: Wednesday | C14: =SUM(PL!E14:AN14) -> 0 | D14: =SUM(PL!AO14:BX14) -> 0 | E14: =SUM(C14:D14) -> 0 | F14: =IF(C14 + F13 < 0, C14 + F13, 0) -> 0 | G14: =IF(D14 + G13 < 0, D14 + G13, 0) -> 0 | H14: =IF(E14 + H13 < 0, E14 + H13, 0) -> 0 | I14: =IF(H14 < 0, 1 + I13, 0) -> 0 | J14: =C14-((ABS(SUM(PL!E14:AN14)))*0.125) -> 0 | K14: =D14-((ABS(SUM(PL!AO14:BX14)))*0.125) -> 0 | L14: =J14 + K14 -> 0 | M14: =IF(J14 + M13 < 0, J14 + M13, 0) -> 0 | N14: =IF(K14 + N13 < 0, K14 + N13, 0) -> 0 | O14: =IF(L14 + O13 < 0, L14 + O13, 0) -> 0 | P14: =IF(O14 < 0, 1 + P13, 0) -> 0 | Q14: =IF(E14<0,1,0) -> 0 | R14: =IF(Q14=1,E14,0) -> 0 | S14: =IF(E14>0,1,0) -> 0 | T14: =IF(S14=1,E14,0) -> 0 | U14: =IF(R14<-100000000.0/100,1,0) -> 0 | V14: =IF(T14>100000000.0/100,1,0) -> 0 | W14: =IF(L14<0,1,0) -> 0 | X14: =IF(W14=1,L14,0) -> 0 | Y14: =IF(L14>0,1,0) -> 0 | Z14: =IF(Y14=1,L14,0) -> 0 | AA14: =IF(X14<-100000000.0/100,1,0) -> 0 | AB14: =IF(Z14>100000000.0/100,1,0) -> 0
... A511: 46045 | B511: Friday | C511: =SUM(PL!E511:AN511) -> 0 | D511: =SUM(PL!AO511:BX511) -> 0 | E511: =SUM(C511:D511) -> 0 | F511: =IF(C511 + F510 < 0, C511 + F510, 0) -> 0 | G511: =IF(D511 + G510 < 0, D511 + G510, 0) -> 0 | H511: =IF(E511 + H510 < 0, E511 + H510, 0) -> 0 | I511: =IF(H511 < 0, 1 + I510, 0) -> 0 | J511: =C511-((ABS(SUM(PL!E511:AN511)))*0.125) -> 0 | K511: =D511-((ABS(SUM(PL!AO511:BX511)))*0.125) -> 0 | L511: =J511 + K511 -> 0 | M511: =IF(J511 + M510 < 0, J511 + M510, 0) -> 0 | N511: =IF(K511 + N510 < 0, K511 + N510, 0) -> 0 | O511: =IF(L511 + O510 < 0, L511 + O510, 0) -> 0 | P511: =IF(O511 < 0, 1 + P510, 0) -> 0 | Q511: =IF(E511<0,1,0) -> 0 | R511: =IF(Q511=1,E511,0) -> 0 | S511: =IF(E511>0,1,0) -> 0 | T511: =IF(S511=1,E511,0) -> 0 | U511: =IF(R511<-100000000.0/100,1,0) -> 0 | V511: =IF(T511>100000000.0/100,1,0) -> 0 | W511: =IF(L511<0,1,0) -> 0 | X511: =IF(W511=1,L511,0) -> 0 | Y511: =IF(L511>0,1,0) -> 0 | Z511: =IF(Y511=1,L511,0) -> 0 | AA511: =IF(X511<-100000000.0/100,1,0) -> 0 | AB511: =IF(Z511>100000000.0/100,1,0) -> 0
A512: Total | C512: =SUM(C2:C511) -> 0 | D512: =SUM(D2:D511) -> 0 | E512: =SUM(E2:E511) -> 0 | F512: =MIN(F2:F511) -> 0 | G512: =MIN(G2:G511) -> 0 | H512: =MIN(H2:H511) -> 0 | I512: =MAX(I2:I511) -> 0 | J512: =SUM(J2:J511) -> 0 | K512: =SUM(K2:K511) -> 0 | L512: =SUM(L2:L511) -> 0 | M512: =MIN(M2:M511) -> 0 | N512: =MIN(N2:N511) -> 0 | O512: =MIN(O2:O511) -> 0 | P512: =MAX(P2:P511) -> 0 | Q512: =SUM(Q2:Q511) -> 0 | R512: =SUM(R2:R511) -> 0 | S512: =SUM(S2:S511) -> 0 | T512: =SUM(T2:T511) -> 0 | U512: =SUM(U2:U511) -> 0 | V512: =SUM(V2:V511) -> 0 | W512: =SUM(W2:W511) -> 0 | X512: =SUM(X2:X511) -> 0 | ... AB512: =SUM(AB2:AB511) -> 0
A513: Months | C513: 24.76 | D513: 24.76 | J513: 24.76 | K513: 24.76 | R513: =R512/Q512 -> 0 | T513: =T512/S512 -> 0 | X513: =X512/W512 -> 0 | Z513: =Z512/Y512 -> 0
A514: Per Month | C514: =C512/C513 -> 0 | D514: =D512/D513 -> 0 | E514: =C514+D514 -> 0 | J514: =J512/J513 -> 0 | K514: =K512/K513 -> 0 | L514: =J514+K514 -> 0 | T514: =T513/R513*-1 -> 0 | Z514: =Z513/X513*-1 -> 0
